station_id,external_id,name,physical_configuration,lat,lon,altitude,address,capacity,is_charging_station,rental_methods,groups,obcn,short_name,nearby_distance,_ride_code_support,rental_uris,post_code,is_valet_station,cross_street,_valet_station_details
7000,f8aa7900-e9c7-11ef-984e-124c66246c7d,Fort York  Blvd / Capreol Ct,REGULAR,43.639832,-79.395954,,Fort York  Blvd / Capreol Ct,47,False,"['key', 'transitcard', 'creditcard', 'phone']","['South', 'Fort York - Entertainment District']",647-643-9607,647-643-9607,500.0,True,{},,,,
7001,f8aaeb6e-e9c7-11ef-984e-124c66246c7d,Wellesley Station Green P,ELECTRICBIKESTATION,43.66496415990742,-79.38355031526893,,Yonge / Wellesley,23,True,"['key', 'transitcard', 'creditcard', 'phone']","['E-Charging ', 'South', 'Church Wellesley / Yorkville']",416-617-9576,416-617-9576,500.0,True,{},M4Y 1G7,,,
7002,f8aaef03-e9c7-11ef-984e-124c66246c7d,St. George St / Bloor St W,REGULAR,43.66713121831853,-79.3995550638237,,St. George St / Bloor St W,19,False,"['key', 'transitcard', 'creditcard', 'phone']","['South', 'U of T - Hospital Row']",647-643-9615,647-643-9615,500.0,True,{},,,,
7003,f8ab20ac-e9c7-11ef-984e-124c66246c7d,Madison Ave / Bloor St W,REGULAR,43.66701830465472,-79.4027958687172,,Madison Ave / Bloor St W,15,False,"['key', 'transitcard', 'creditcard', 'phone']","['South', 'Bloor St W / Annex']",647-631-4587,647-631-4587,500.0,True,{},,,,
7005,f8ab51f8-e9c7-11ef-984e-124c66246c7d,King St W / York St,VAULT,43.6480008,-79.383177,0.0,King St W / York St,23,False,"['key', 'transitcard', 'phone']","['South', 'Financial District']",647-643-9693,647-643-9693,500.0,True,{},,,,
7006,f8ab54c0-e9c7-11ef-984e-124c66246c7d,Bay St / College St (East Side),REGULAR,43.660439,-79.385525,,Bay St / College St (East Side),31,False,"['key', 'transitcard', 'creditcard', 'phone']","['South', 'U of T - Hospital Row']",416-569-2349,416-569-2349,500.0,True,{},,False,,
7007,f8ab576d-e9c7-11ef-984e-124c66246c7d,College St / Huron St,REGULAR,43.658148,-79.398167,,College St / Huron St,19,False,"['key', 'transitcard', 'creditcard', 'phone']","['South', 'U of T - Hospital Row']",647-625-3582,647-625-3582,500.0,True,{},,,,
7008,f8ab5a3f-e9c7-11ef-984e-124c66246c7d,Wellesley St W / Queen's Park Cres,REGULAR,43.663376,-79.392125,,Wellesley St W / Queen's Park Cres,19,False,"['key', 'transitcard', 'creditcard', 'phone']","['South', 'U of T - Hospital Row']",647-643-9648,647-643-9648,500.0,True,{},,,,
7010,f8ab5fcc-e9c7-11ef-984e-124c66246c7d,King St W / Spadina Ave,REGULAR,43.64514249449372,-79.39510358283808,,King St W / Spadina Ave,19,False,"['key', 'transitcard', 'creditcard', 'phone']","['South', 'Fort York - Entertainment District']",647-202-6537,647-202-6537,500.0,True,{},,,,
7013,f8ab675c-e9c7-11ef-984e-124c66246c7d,Scott St / The Esplanade,REGULAR,43.64659663170443,-79.37530913867988,0.0,Scott St / The Esplanade,19,False,"['key', 'transitcard', 'creditcard', 'phone']","['South', 'Financial District']",416-666-6440,416-666-6440,500.0,True,{},M5E 1Z4,,,
7014,f8ab69cf-e9c7-11ef-984e-124c66246c7d,Sherbourne St / Carlton St (Allan Gardens),REGULAR,43.663102,-79.373181,,Sherbourne St / Carlton St (Allan Gardens),17,False,"['key', 'transitcard', 'creditcard', 'phone']","['East', 'Church Wellesley / Yorkville']",416-710-6764,416-710-6764,500.0,True,{},,,,
7015,f8ab6c2a-e9c7-11ef-984e-124c66246c7d,King St W / Bay St (West Side),REGULAR,43.64852,-79.380576,,King St W / Bay St (West Side),39,False,"['key', 'transitcard', 'creditcard', 'phone']","['Valet Stations', 'South', 'Financial District']",416-671-7595,416-671-7595,500.0,True,{},,False,,
7016,f8ab6eb0-e9c7-11ef-984e-124c66246c7d,Bay St / Queens Quay W (Ferry Terminal),REGULAR,43.640978,-79.376785,,Bay St / Queens Quay W (Ferry Terminal),35,False,"['key', 'transitcard', 'creditcard', 'phone']","['South', 'Watefront']",647-271-1378,647-271-1378,500.0,True,{},M5J,False,,
7017,f8ab715f-e9c7-11ef-984e-124c66246c7d,Widmer St / Adelaide St W - SMART,SMARTMAPFRAME,43.647547634759206,-79.39155200496292,0.0,Widmer St / Adelaide St W,12,False,"['key', 'transitcard', 'phone']","['South', 'Fort York - Entertainment District']",647-631-9958,647-631-9958,500.0,True,{},M5V 1J9,,,
7018,f8ab73f6-e9c7-11ef-984e-124c66246c7d,Bremner Blvd / Rees St,REGULAR,43.641529,-79.386741,,Bremner Blvd / Rees St,48,False,"['key', 'transitcard', 'creditcard', 'phone']","['South', 'Watefront']",647-669-0947,647-669-0947,500.0,True,{},,False,Bremner Blvd / Rees St,
7019,f8ab7671-e9c7-11ef-984e-124c66246c7d,Temperance St Station,VAULT,43.650945,-79.379498,,Temperance St. Station,55,False,"['key', 'transitcard', 'phone']","['Valet Stations', 'South', 'Financial District']",9 Temperance St .,9 Temperance St .,500.0,True,{},M5H 1Y6,False,,
7020,f8ab796c-e9c7-11ef-984e-124c66246c7d,Phoebe St / Spadina Ave,REGULAR,43.650033,-79.396555,,Phoebe St / Spadina Ave,33,False,"['key', 'transitcard', 'creditcard', 'phone']","['South', 'Fort York - Entertainment District']",647-621-5766,647-621-5766,500.0,True,{},,,,
7021,f8acb80a-e9c7-11ef-984e-124c66246c7d,Bay St / Albert St,REGULAR,43.653264,-79.382458,,Bay St / Albert St,63,False,"['key', 'transitcard', 'creditcard', 'phone']","['South', 'Financial District']",647-643-9652,647-643-9652,500.0,True,{},,,,
7023,f8ad026d-e9c7-11ef-984e-124c66246c7d,College St / Borden St,REGULAR,43.6571,-79.4056,,College St / Borden St,11,False,"['key', 'transitcard', 'creditcard', 'phone']","['South', 'College St - Harbord St']",647-643-9629,647-643-9629,500.0,True,{},,,,
7024,f8ad04fa-e9c7-11ef-984e-124c66246c7d,Dundonald St / Church St,REGULAR,43.66663,-79.38148,0.0,Dundonald St / Church St,38,False,"['key', 'transitcard', 'creditcard', 'phone']","['South', 'Church Wellesley / Yorkville']",647-631-9859,647-631-9859,500.0,True,{},,,,
7025,f8ad0779-e9c7-11ef-984e-124c66246c7d,Ted Rogers Way / Bloor St E,VAULT,43.671293,-79.380471,,Ted Rogers Way / Bloor St E,27,False,"['key', 'transitcard', 'phone']","['East', 'Church Wellesley / Yorkville']",647-631-9970,647-631-9970,500.0,True,{},,,,
7026,f8ad0a28-e9c7-11ef-984e-124c66246c7d,Bay St / St. Joseph St,REGULAR,43.665527,-79.387499,,Bay St / St. Joseph St,15,False,"['key', 'transitcard', 'creditcard', 'phone']","['South', 'U of T - Hospital Row']",416-666-0783,416-666-0783,500.0,True,{},,,,
7027,f8ad0c95-e9c7-11ef-984e-124c66246c7d,Beverley St / Dundas St W,REGULAR,43.652823,-79.393388,,Beverley  St / Dundas St W,31,False,"['key', 'transitcard', 'creditcard', 'phone']","['South', 'Fort York - Entertainment District']",647-621-6739,647-621-6739,500.0,True,{},,,,
7028,f8ad0ee6-e9c7-11ef-984e-124c66246c7d,Gould St / Mutual St,VAULT,43.6582,-79.3768,,Gould St / Mutual St,31,False,"['key', 'transitcard', 'phone']","['South', 'Financial District']",416-560-7261,416-560-7261,500.0,True,{},,,,
7029,f8ad113b-e9c7-11ef-984e-124c66246c7d,Bay St / Bloor St W (East Side),REGULAR,43.66943,-79.38915,,1199 Bay St,15,False,"['key', 'transitcard', 'creditcard', 'phone']","['North', 'Church Wellesley / Yorkville']",647-669-3457,647-669-3457,500.0,True,{},M6G1X2,,,
7030,f8ad1392-e9c7-11ef-984e-124c66246c7d,Bay St / Wellesley St W,REGULAR,43.664088,-79.387095,,Bay St / Wellesley St W,35,False,"['key', 'transitcard', 'creditcard', 'phone']","['South', 'U of T - Hospital Row']",647-643-9612,647-643-9612,1609.34,True,{},,False,,
7031,f8ad15ed-e9c7-11ef-984e-124c66246c7d,Jarvis St / Isabella St,VAULT,43.668991,-79.379385,,Jarvis St / Isabella St,39,False,"['key', 'transitcard', 'phone']","['East', 'Church Wellesley / Yorkville']",416-569-7503,416-569-7503,500.0,True,{},,False,,
7032,f8ad1836-e9c7-11ef-984e-124c66246c7d,Augusta Ave / Dundas St W,REGULAR,43.652473,-79.401456,,Augusta Ave / Dundas St W,15,False,"['key', 'transitcard', 'creditcard', 'phone']","['South', 'College St - Harbord St']",647-622-8139,647-622-8139,500.0,True,{},,,,
7033,f8ad1af4-e9c7-11ef-984e-124c66246c7d,Union Station,REGULAR,43.645609,-79.380386,1.0,Union Station,43,False,"['key', 'transitcard', 'creditcard', 'phone']","['Valet Stations', 'South', 'Financial District']",647-620-1494,647-620-1494,500.0,True,{},M5J1E3,,,
7034,f8ad1d3d-e9c7-11ef-984e-124c66246c7d,Church St / Bloor St E,REGULAR,43.671389,-79.382919,,Church St / Bloor St E,15,False,"['key', 'transitcard', 'creditcard', 'phone']","['North', 'Church Wellesley / Yorkville']",437-992-7029,437-992-7029,500.0,True,{},,,11,
7035,f8ad1fd2-e9c7-11ef-984e-124c66246c7d,Queen St W / Ossington Ave,REGULAR,43.643975,-79.419576,,Queen St W / Ossington Ave,43,False,"['key', 'transitcard', 'creditcard', 'phone']","['West', 'Liberty Village - Queen West']",416-371-6632,416-371-6632,500.0,True,{},,,,
7036,f8ad222f-e9c7-11ef-984e-124c66246c7d,Trinity St /Front St E,REGULAR,43.651318,-79.36023,,Trinity St / Front St E,19,False,"['key', 'transitcard', 'creditcard', 'phone']","['East', 'Regent Park - Distillery']",416-816-5603,416-816-5603,500.0,True,{},,,,
7037,f8af0ce1-e9c7-11ef-984e-124c66246c7d,Bathurst St / Dundas St W,VAULT,43.65220761646196,-79.4055689857289,,Bathurst St / Dundas St W,41,False,"['key', 'transitcard', 'phone']","['South', 'College St - Harbord St']",647-621-8042,647-621-8042,500.0,True,{},M5T 2S3,,,
7038,f8af1118-e9c7-11ef-984e-124c66246c7d,Dundas St W / Yonge St,REGULAR,43.656094,-79.381484,,Dundas St W / Yonge St,31,False,"['key', 'transitcard', 'creditcard', 'phone']","['South', 'Financial District']",647-643-9714,647-643-9714,500.0,True,{},,,,
7039,f8af1407-e9c7-11ef-984e-124c66246c7d,Simcoe St / Michael Sweet Ave,REGULAR,43.652327224103,-79.3882538196087,0.0,Simcoe St / Michael Sweet Ave,19,False,"['key', 'transitcard', 'creditcard', 'phone']","['South', 'Financial District']",647-202-6089,647-202-6089,500.0,True,{},M5T3M3,,,
7040,f8af169a-e9c7-11ef-984e-124c66246c7d,Euclid Ave / Bloor St W,REGULAR,43.664467,-79.414783,,Euclid Ave / Bloor St W,19,False,"['key', 'transitcard', 'creditcard', 'phone']","['West', 'Bloor St W / Annex']",416-565-9380,416-565-9380,500.0,True,{},,,,
7041,f8af196e-e9c7-11ef-984e-124c66246c7d,Edward St / Yonge St,REGULAR,43.656729,-79.382736,,Edward St / Yonge St,23,False,"['key', 'transitcard', 'creditcard', 'phone']","['South', 'Financial District']",647-643-9697,647-643-9697,500.0,True,{},,,,
7042,f8af1c16-e9c7-11ef-984e-124c66246c7d,Sherbourne St / Wellesley St E,VAULT,43.6673,-79.374,,Sherbourne St / Wellesley St E,31,False,"['key', 'transitcard', 'phone']","['East', 'Church Wellesley / Yorkville']",416-804-0543,416-804-0543,500.0,True,{},,,,
7043,f8af1ede-e9c7-11ef-984e-124c66246c7d,Queens Quay W / Lower Simcoe St,REGULAR,43.63951,-79.383717,,Queens Quay W / Lower Simcoe St,19,False,"['key', 'transitcard', 'creditcard', 'phone']","['South', 'Watefront']",647-204-1380,647-204-1380,500.0,True,{},,,,
7044,f8af2198-e9c7-11ef-984e-124c66246c7d,Church St / Alexander St,REGULAR,43.663722,-79.380288,,Church St / Alexander St,35,False,"['key', 'transitcard', 'creditcard', 'phone']","['South', 'Church Wellesley / Yorkville']",647-618-1341,647-618-1341,500.0,True,{},,,,
7045,f8af257c-e9c7-11ef-984e-124c66246c7d,Bond St / Queen St E,REGULAR,43.653236,-79.376716,,Bond St / Queen St E,37,False,"['key', 'transitcard', 'creditcard', 'phone']","['South', 'Financial District']",647-629-0639,647-629-0639,500.0,True,{},,False,,
7046,f8af27f8-e9c7-11ef-984e-124c66246c7d,Niagara St / Richmond St W,REGULAR,43.64534,-79.409597,,Niagara St / Richmond St W,42,False,"['key', 'transitcard', 'creditcard', 'phone']","['West', 'Liberty Village - Queen West']",647-643-9655,647-643-9655,500.0,True,{},,,,
7047,f8af2a5b-e9c7-11ef-984e-124c66246c7d,University Ave / Gerrard St W (East Side),REGULAR,43.657763,-79.389165,,University Ave / Gerrard St W,25,False,"['key', 'transitcard', 'creditcard', 'phone']","['Valet Stations', 'South', 'U of T - Hospital Row']",647-643-9690,647-643-9690,500.0,True,{},,False,,
7048,f8b05e12-e9c7-11ef-984e-124c66246c7d,Front St W / Yonge St (Hockey Hall of Fame),REGULAR,43.646322912152456,-79.37746467249836,,Front St W / Yonge St (Hockey Hall of Fame),47,False,"['key', 'transitcard', 'creditcard', 'phone']","['South', 'Financial District']",647-204-0984,647-204-0984,500.0,True,{},,,,
7049,f8b0623d-e9c7-11ef-984e-124c66246c7d,Portland St / Queen St W,REGULAR,43.6476,-79.4015,,Queen St W / Portland St,15,False,"['key', 'transitcard', 'creditcard', 'phone']","['South', 'Fort York - Entertainment District']",647-624-3144,647-624-3144,500.0,True,{},,,,
7050,f8b06500-e9c7-11ef-984e-124c66246c7d,Richmond St E / Jarvis St Green P,ELECTRICBIKESTATION,43.652634,-79.374222,,Richmond St E / Jarvis St Green P,16,True,"['key', 'transitcard', 'creditcard', 'phone']","['E-Charging ', 'South']",416-602-5376,416-602-5376,500.0,True,{},,,,
7052,f8b069fc-e9c7-11ef-984e-124c66246c7d,Wellington St W / Bay St,VAULT,43.647259,-79.379878,,Wellington St W / Bay St,55,False,"['key', 'transitcard', 'phone']","['South', 'Financial District']",416-723-3438,416-723-3438,500.0,True,{},,,,
7053,f8b06c56-e9c7-11ef-984e-124c66246c7d,Metro Hall Plaza,VAULT,43.645859,-79.38783,,Metro Hall Plaza,27,False,"['key', 'transitcard', 'phone']","['South', 'Financial District']",647-201-7794,647-201-7794,500.0,True,{},,,,
7054,f8b06ebe-e9c7-11ef-984e-124c66246c7d,Navy Wharf Crt / Bremner Blvd,REGULAR,43.640722,-79.391051,,Navy Wharf Ct. / Bremner Blvd.,11,False,"['key', 'transitcard', 'creditcard', 'phone']","['South', 'Watefront']",416-662-2516,416-662-2516,500.0,True,{},,,,
7055,f8b07124-e9c7-11ef-984e-124c66246c7d,Jarvis St / Carlton St,REGULAR,43.66207,-79.37617,,Jarvis St / Carlton St,15,False,"['key', 'transitcard', 'creditcard', 'phone']","['East', 'Church Wellesley / Yorkville']",416-722-3901,416-722-3901,500.0,True,{},,,,
7057,f8b075df-e9c7-11ef-984e-124c66246c7d,Simcoe St / Wellington St W South,VAULT,43.6458569,-79.3853654,,Simcoe St / Wellington St 1,27,False,"['key', 'transitcard', 'phone']","['South', 'Financial District']",647-641-2103,647-641-2103,500.0,True,{},M6a1a1,,,
7058,f8b07b6a-e9c7-11ef-984e-124c66246c7d,Huron St / Harbord St,VAULT,43.6637,-79.400053,,Huron/ Harbord St,39,False,"['key', 'transitcard', 'phone']","['South', 'Bloor St W / Annex', 'College St - Harbord St']",647-643-9725,647-643-9725,500.0,True,{},,,,
7059,f8b07e08-e9c7-11ef-984e-124c66246c7d,Front St W / Blue Jays Way,REGULAR,43.643473,-79.390477,,Front St W / Blue Jays Way,15,False,"['key', 'transitcard', 'creditcard', 'phone']","['South', 'Watefront']",647-241-7299,647-241-7299,500.0,True,{},,,,
7061,f8b36909-e9c7-11ef-984e-124c66246c7d,Dalton Rd / Bloor St W,REGULAR,43.6662942,-79.4066433,,Dalton Rd / Bloor St W,15,False,"['key', 'transitcard', 'creditcard', 'phone']","['North', 'Bloor St W / Annex']",647-643-9676,647-643-9676,500.0,True,{},M6G1A1,,,
7063,f8b370a6-e9c7-11ef-984e-124c66246c7d,Queen's Park / Bloor St W,REGULAR,43.668456,-79.393899,,Queen's Park / Bloor St W,23,False,"['key', 'transitcard', 'creditcard', 'phone']","['South', 'Church Wellesley / Yorkville']",647-632-5491,647-632-5491,500.0,True,{},,,,
7064,f8b37382-e9c7-11ef-984e-124c66246c7d,51 Parliament St,REGULAR,43.652169,-79.362841,,51 Parliament St,19,False,"['key', 'transitcard', 'creditcard', 'phone']","['East', 'Regent Park - Distillery']",647-241-9519,647-241-9519,500.0,True,{},,,,
7065,f8b37621-e9c7-11ef-984e-124c66246c7d,Dundas St E / Parliament St,REGULAR,43.659575,-79.365769,,Dundas St E / Parliament St,15,False,"['key', 'transitcard', 'creditcard', 'phone']","['East', 'Regent Park - Distillery']",416-568-2679,416-568-2679,500.0,True,{},,,,
7066,f8b37ce4-e9c7-11ef-984e-124c66246c7d,Willcocks St / St. George St,REGULAR,43.662085,-79.397735,,Willcocks St / St. George St,15,False,"['key', 'transitcard', 'creditcard', 'phone']","['South', 'U of T - Hospital Row']",647-643-9624,647-643-9624,500.0,True,{},,,Willcocks St / St.George St,
7067,f8b37f77-e9c7-11ef-984e-124c66246c7d,Yonge St / Lake Shore Blvd E,VAULT,43.643795,-79.375413,,Yonge St / Harbour St,27,False,"['key', 'transitcard', 'phone']",[],647-643-9613,647-643-9613,500.0,True,{},,,,
7069,f8b387a8-e9c7-11ef-984e-124c66246c7d,Queen St W / Spadina Ave,REGULAR,43.649147,-79.395504,,Queen St W / Spadina Ave,11,False,"['key', 'transitcard', 'creditcard', 'phone']","['South', 'Fort York - Entertainment District']",647-622-8344,647-622-8344,500.0,True,{},,,,
7070,f8b54552-e9c7-11ef-984e-124c66246c7d,25 York St – Union Station South,REGULAR,43.643667,-79.380414,,25 York St – Union Station South,11,False,"['key', 'transitcard', 'creditcard', 'phone']","['South', 'Watefront']",416-624-8596,416-624-8596,500.0,True,{},,,,
7071,f8b54cab-e9c7-11ef-984e-124c66246c7d,161 Bleecker St (South of Wellesley),REGULAR,43.666233,-79.373327,0.0,161 Bleecker St (South of Wellesley),23,False,"['key', 'transitcard', 'creditcard', 'phone']","['East', 'Church Wellesley / Yorkville']",647-643-9846,647-643-9846,500.0,True,{},,,,
7073,f8b55701-e9c7-11ef-984e-124c66246c7d,Spadina Ave / Fort York Blvd,REGULAR,43.640114,-79.393249,,Spadina Ave / Fort York Blvd,23,False,"['key', 'transitcard', 'creditcard', 'phone']","['South', 'Fort York - Entertainment District']",416-627-9646,416-627-9646,500.0,True,{},,,,
7074,f8b55d98-e9c7-11ef-984e-124c66246c7d,King St E / Church St,REGULAR,43.650204164723476,-79.37335141779099,,St James Park,55,False,"['key', 'transitcard', 'creditcard', 'phone']","['South', 'Financial District']",647-643-9718,647-643-9718,500.0,True,{},M5C 1G6,,,
7075,f8b5635f-e9c7-11ef-984e-124c66246c7d,Queens Quay W / Dan Leckie Way,ELECTRICBIKESTATION,43.636533,-79.395854,,Queens Quay W / Dan Leckie Way,27,True,"['key', 'transitcard', 'creditcard', 'phone']","['E-Charging ', 'South', 'Watefront']",416-669-9604,416-669-9604,500.0,True,{},,,,
7076,f8b56c10-e9c7-11ef-984e-124c66246c7d,York St / Queens Quay W,REGULAR,43.640132,-79.380464,,York St / Queens Quay W,57,False,"['key', 'transitcard', 'creditcard', 'phone']","['South', 'Watefront']",416-618-7456,416-618-7456,500.0,True,{},,,,
7077,f8b5703f-e9c7-11ef-984e-124c66246c7d,College Park South,REGULAR,43.65945682499,-79.38236466864778,,College Park South,19,False,"['key', 'transitcard', 'creditcard', 'phone']","['South', 'U of T - Hospital Row']",647-643-9694,647-643-9694,500.0,True,{},,,,
7078,f8b57276-e9c7-11ef-984e-124c66246c7d,College St / Major St,REGULAR,43.6576,-79.4032,,College St / Major St,15,False,"['key', 'transitcard', 'creditcard', 'phone']","['South', 'College St - Harbord St']",647-643-9638,647-643-9638,500.0,True,{},,,,
7079,f8b574c7-e9c7-11ef-984e-124c66246c7d,McGill St / Church St,REGULAR,43.660694,-79.379052,,McGill St / Church St,19,False,"['key', 'transitcard', 'creditcard', 'phone']","['South', 'Church Wellesley / Yorkville']",437-999-8524,437-999-8524,500.0,True,{},,,,
7084,f8b5802b-e9c7-11ef-984e-124c66246c7d,High Park - Grenadier Cafe,REGULAR,43.645599,-79.4657123,,High Park - Grenadier Cafe,11,False,"['key', 'transitcard', 'creditcard', 'phone']","['West', 'Bloor St W - High Park']",647-643-9563,647-643-9563,1609.34,True,{},,,,
7085,f8b582ac-e9c7-11ef-984e-124c66246c7d,Danforth Ave / Westlake Ave,REGULAR,43.687323,-79.304848,,Danforth Ave / Westlake Ave,15,False,"['key', 'transitcard', 'creditcard', 'phone']","['East', 'Danforth']",647-201-8853,647-201-8853,500.0,True,{},,,,
7086,f8b58521-e9c7-11ef-984e-124c66246c7d,High Park - West Rd,REGULAR,43.651922,-79.465693,,High Park - West Rd,23,False,"['key', 'transitcard', 'creditcard', 'phone']","['West', 'Bloor St W - High Park']",647-641-7093,647-641-7093,1609.34,True,{},1324,,,
7087,f8b58770-e9c7-11ef-984e-124c66246c7d,Danforth Ave / Aldridge Ave,REGULAR,43.684758,-79.316767,,Danforth Ave / Aldridge Ave,11,False,"['key', 'transitcard', 'creditcard', 'phone']","['East', 'Danforth']",647-641-9873,647-641-9873,1000.0,True,{},,,,
7088,f8b589b8-e9c7-11ef-984e-124c66246c7d,Danforth Ave / Coxwell Ave,REGULAR,43.683378,-79.322961,0.0,Danforth Ave / Coxwell Ave,15,False,"['key', 'transitcard', 'creditcard', 'phone']","['East', 'Danforth']",647-248-5891,647-248-5891,500.0,True,{},,,,
7089,f8b58be5-e9c7-11ef-984e-124c66246c7d,Church St  / Wood St,REGULAR,43.662712,-79.379903,102.08,Church St / Wood St,27,False,"['key', 'transitcard', 'creditcard', 'phone']","['South', 'Church Wellesley / Yorkville']",647-262-1148,647-262-1148,500.0,True,{},,,,
7090,f8b58e1d-e9c7-11ef-984e-124c66246c7d,Danforth Ave / Lamb Ave,REGULAR,43.681991,-79.329455,,Danforth Ave / Lamb Ave,19,False,"['key', 'transitcard', 'creditcard', 'phone']","['East', 'Danforth']",647-641-6203,647-641-6203,500.0,True,{},,,,
7091,f8b59052-e9c7-11ef-984e-124c66246c7d,Donlands Subway Station,REGULAR,43.681114,-79.3373885,,Donlands Station,15,False,"['key', 'transitcard', 'creditcard', 'phone']","['East', 'Danforth']",647-669-1705,647-669-1705,1000.0,True,{},M4J 1P3,,,
7093,f8b594af-e9c7-11ef-984e-124c66246c7d,Danforth Ave / Gough Ave,REGULAR,43.678401,-79.346289,,Danforth Ave / Gough Ave,24,False,"['key', 'transitcard', 'creditcard', 'phone']","['East', 'Danforth']",647-669-1671,647-669-1671,500.0,True,{},,,,
7094,f8b596fc-e9c7-11ef-984e-124c66246c7d,14 Arundel Ave,ELECTRICBIKESTATION,43.6784834,-79.3513564,,14 Arundel Ave,25,True,"['key', 'transitcard', 'creditcard', 'phone']","['E-Charging ', 'East', 'Danforth']",14 Arundel Ave - EBS - @CP 87,14 Arundel Ave - EBS - @CP 87,500.0,True,{},M4K 3A2,,Arundel Ave - Chester Subway station,
7095,f8b59956-e9c7-11ef-984e-124c66246c7d,Danforth Ave / Ellerbeck St,REGULAR,43.677076,-79.35667,,Danforth Ave / Ellerbeck St,14,False,"['key', 'transitcard', 'creditcard', 'phone']","['East', 'Danforth']",647-669-1678,647-669-1678,500.0,True,{},,,,
7096,f8b59b95-e9c7-11ef-984e-124c66246c7d,Lower Don River Trail and Taylor Creek Trail,REGULAR,43.7027268,-79.33368089999999,,425 Don Mills Rd,19,False,"['key', 'transitcard', 'creditcard', 'phone']","['East', 'Thorncliffe Park - Sunnybrook']",647-669-3908,647-669-3908,500.0,True,{},M4J,,,
7097,f8b59dda-e9c7-11ef-984e-124c66246c7d,Riverdale Park North (Broadview Ave),REGULAR,43.671172,-79.354704,,Riverdale Park North (Broadview Ave),15,False,"['key', 'transitcard', 'creditcard', 'phone']","['East', 'Leslieville - Woodbine']",647-643-9838,647-643-9838,500.0,True,{},,,,
7098,f8b5a018-e9c7-11ef-984e-124c66246c7d,Riverdale Park South (Broadview Ave),VAULT,43.667819,-79.35347,,Riverdale Park South (Broadview Ave),15,False,"['key', 'transitcard', 'phone']","['East', 'Leslieville - Woodbine']",450 Broadview Ave ,450 Broadview Ave ,500.0,True,{},,,,
7099,f8b5a254-e9c7-11ef-984e-124c66246c7d,Mill St / Cherry St,REGULAR,43.65141432968699,-79.35680471562972,,Cherry St / Mill St,39,False,"['key', 'transitcard', 'creditcard', 'phone']",['East'],647-640-7714,647-640-7714,500.0,True,{},M5A 4T3,,,
7100,f8b5a4b5-e9c7-11ef-984e-124c66246c7d,Dundas St E / Regent Park Blvd,REGULAR,43.660207,-79.361275,,Dundas St E / Regent Park Blvd,27,False,"['key', 'transitcard', 'creditcard', 'phone']","['East', 'Regent Park - Distillery']",647-669-3847,647-669-3847,500.0,True,{},,,,
7101,f8b5a713-e9c7-11ef-984e-124c66246c7d,Lower Sherbourne St / The Esplanade,VAULT,43.648655,-79.367061,,Lower Sherbourne St / The Esplanade,27,False,"['key', 'transitcard', 'phone']","['East', 'Regent Park - Distillery']",647-641-5818,647-641-5818,500.0,True,{},,,,
7102,f8b5a9ed-e9c7-11ef-984e-124c66246c7d,Nelson St / Duncan St,REGULAR,43.648711,-79.389728,,Nelson St / Duncan St,26,False,"['key', 'transitcard', 'creditcard', 'phone']","['South', 'Fort York - Entertainment District']",647-641-5951,647-641-5951,500.0,True,{},,,,
7103,f8b5acd4-e9c7-11ef-984e-124c66246c7d,Jimmie Simpson Park (Queen St E),REGULAR,43.6605603,-79.3437663,,Jimmie Simpson Park (Queen St E),33,False,"['key', 'transitcard', 'creditcard', 'phone']","['East', 'Leslieville - Woodbine']",647-669-2521,647-669-2521,500.0,True,{},,,,
7104,f8b5af8b-e9c7-11ef-984e-124c66246c7d,King St E / River St,REGULAR,43.656784782853144,-79.35627385059036,,King St E / River St,15,False,"['key', 'transitcard', 'creditcard', 'phone']","['East', 'Regent Park - Distillery']",647-641-5813,647-641-5813,500.0,True,{},M5A 1M6,,,
7105,f8b5b246-e9c7-11ef-984e-124c66246c7d,Queen St E / Sackville St,REGULAR,43.6561111,-79.36138888888888,,Queen St E / Sackville St,15,False,"['key', 'transitcard', 'creditcard', 'phone']","['East', 'Regent Park - Distillery']",647-290-7069,647-290-7069,500.0,True,{},,,,
7106,f8b5b504-e9c7-11ef-984e-124c66246c7d,Mill St / Tannery Rd,REGULAR,43.652151817184,-79.35458218097422,,Mill St / Tannery Rd,23,False,"['key', 'transitcard', 'creditcard', 'phone']","['East', 'Regent Park - Distillery']",647-641-5839,647-641-5839,500.0,True,{},,,,
7107,f8b5b744-e9c7-11ef-984e-124c66246c7d,Cherry St / Distillery Ln,REGULAR,43.650279,-79.356832,,Cherry St / Distillery Ln,15,False,"['key', 'transitcard', 'creditcard', 'phone']","['East', 'Regent Park - Distillery']",647-669-2608,647-669-2608,500.0,True,{},,,,
7109,f8b5bbae-e9c7-11ef-984e-124c66246c7d,Seaton St / Dundas St E - SMART,SMARTMAPFRAME,43.658777,-79.369596,,Seaton St / Dundas St E,32,False,"['key', 'transitcard', 'phone']","['East', 'Regent Park - Distillery']",647-669-3971,647-669-3971,500.0,True,{},,,,
7110,f8b5bde5-e9c7-11ef-984e-124c66246c7d,Queen St E / Berkeley St,REGULAR,43.6552778,-79.36583333333333,,Queen St E / Berkeley St,14,False,"['key', 'transitcard', 'creditcard', 'phone']","['East', 'Regent Park - Distillery']",647-290-4392,647-290-4392,500.0,True,{},,,,
7111,f8b5c07a-e9c7-11ef-984e-124c66246c7d,King St W / Douro St,REGULAR,43.640885,-79.416379,,King St W / Douro St,11,False,"['key', 'transitcard', 'creditcard', 'phone']","['West', 'Liberty Village - Queen West']",647-641-5214,647-641-5214,500.0,True,{},,,,
7112,f8b5c2bd-e9c7-11ef-984e-124c66246c7d,Liberty St / Fraser Ave Green P,REGULAR,43.637981,-79.424146,,Liberty St / Fraser Ave Green P,19,False,"['key', 'transitcard', 'creditcard', 'phone']","['West', 'Liberty Village - Queen West']",647-669-3920,647-669-3920,500.0,True,{},,,,
7113,f8b5c4f4-e9c7-11ef-984e-124c66246c7d,Parliament St / Aberdeen Ave,VAULT,43.665278,-79.368333,,Parliament St / Aberdeen Ave,15,False,"['key', 'transitcard', 'phone']","['East', 'Church Wellesley / Yorkville']",647-640-5613,647-640-5613,500.0,True,{},,,,
7114,f8b5c738-e9c7-11ef-984e-124c66246c7d,Carlton St / Parliament St,REGULAR,43.664524,-79.36793,,Carlton St / Parliament St,27,False,"['key', 'transitcard', 'creditcard', 'phone']","['East', 'Church Wellesley / Yorkville']",647-262-2870,647-262-2870,500.0,True,{},,,,
7115,f8b5c975-e9c7-11ef-984e-124c66246c7d,Howard St / Sherbourne St,REGULAR,43.6712581,-79.376367,,Howard St / Sherbourne St,31,False,"['key', 'transitcard', 'creditcard', 'phone']","['East', 'Church Wellesley / Yorkville']",647-641-1259,647-641-1259,500.0,True,{},,,,
7116,f8b5cba9-e9c7-11ef-984e-124c66246c7d,Bloor St E / Parliament St,VAULT,43.671946102001826,-79.37245115337294,,575 Bloor St East,19,False,"['key', 'transitcard', 'phone']","['East', 'Church Wellesley / Yorkville']",Ward 13 - (575 Bloor St E),Ward 13 - (575 Bloor St E),500.0,True,{},M4W 0B2,,,
7117,f8b5ce0c-e9c7-11ef-984e-124c66246c7d,Castle Frank Subway Station,REGULAR,43.67418030086386,-79.36795839711793,,640 Bloor Street East,19,False,"['key', 'transitcard', 'creditcard', 'phone']","['East', 'Church Wellesley / Yorkville']",647-267-2042,647-267-2042,500.0,True,{},M4W 1J3,,,
7118,f8b5d045-e9c7-11ef-984e-124c66246c7d,King St W / Bay St (East Side),REGULAR,43.648575,-79.380042,,King St W / Bay St (East Side),19,False,"['key', 'transitcard', 'creditcard', 'phone']","['South', 'Financial District']",647-271-6326,647-271-6326,500.0,True,{},,,,
7119,f8b5d278-e9c7-11ef-984e-124c66246c7d,Sumach St / Carlton St (Riverdale Farm),REGULAR,43.665867,-79.362506,,Sumach St / Carlton St (Riverdale Farm),15,False,"['key', 'transitcard', 'creditcard', 'phone']","['East', 'Church Wellesley / Yorkville']",647-282-9705,647-282-9705,500.0,True,{},,,,
7120,f8b5d4b1-e9c7-11ef-984e-124c66246c7d,Gerrard St E / River St,REGULAR,43.663993,-79.358534,,Gerrard St E / River St,11,False,"['key', 'transitcard', 'creditcard', 'phone']","['East', 'Regent Park - Distillery']",647-643-9843,647-643-9843,500.0,True,{},,,,
7121,f8b5d6db-e9c7-11ef-984e-124c66246c7d,Jarvis St / Dundas St E,REGULAR,43.657266,-79.374756,,Jarvis St / Dundas St E,27,False,"['key', 'transitcard', 'creditcard', 'phone']","['East', 'Regent Park - Distillery']",647-641-5582,647-641-5582,500.0,True,{},,,,
7122,f8b985f3-e9c7-11ef-984e-124c66246c7d,Niagara St / Tecumseth St,REGULAR,43.641389,-79.404444,,Niagara St / Tecumseth St,15,False,"['key', 'transitcard', 'creditcard', 'phone']","['West', 'Fort York - Entertainment District']",647-272-3286,647-272-3286,500.0,True,{},,,,
7123,f8b98a72-e9c7-11ef-984e-124c66246c7d,420 Wellington St W,REGULAR,43.643834,-79.396649,,420 Wellington St W,15,False,"['key', 'transitcard', 'creditcard', 'phone']","['South', 'Fort York - Entertainment District']",647-272-4047,647-272-4047,500.0,True,{},,,,
7124,f8b98da0-e9c7-11ef-984e-124c66246c7d,Dundas St E / Broadview Ave,REGULAR,43.662365,-79.351104,,Dundas St E / Broadview Ave,19,False,"['key', 'transitcard', 'creditcard', 'phone']","['East', 'Leslieville - Woodbine']",647-669-4283,647-669-4283,500.0,True,{},,,,
7126,f8b99040-e9c7-11ef-984e-124c66246c7d,Yonge St / Yorkville Ave,REGULAR,43.671944,-79.387778,,Yonge St / Yorkville Ave,17,False,"['key', 'transitcard', 'creditcard', 'phone']","['North', 'Church Wellesley / Yorkville']",647-719-3941,647-719-3941,500.0,True,{},,,,
7127,f8b992f2-e9c7-11ef-984e-124c66246c7d,Bay St / Scollard St,REGULAR,43.672152,-79.39018,,Bay St / Scollard St,15,False,"['key', 'transitcard', 'creditcard', 'phone']","['North', 'Church Wellesley / Yorkville']",647-201-6479,647-201-6479,500.0,True,{},M5R 0A1,,,
7128,f8b99599-e9c7-11ef-984e-124c66246c7d,Yonge St / Aylmer Ave,REGULAR,43.675492,-79.388858,,Yonge St / Aylmer Ave,23,False,"['key', 'transitcard', 'creditcard', 'phone']","['North', 'Davenport - Dupont']",647-641-6641,647-641-6641,500.0,True,{},,,,
7129,f8b99832-e9c7-11ef-984e-124c66246c7d,Davenport Rd / Avenue Rd,REGULAR,43.674991,-79.396273,,Davenport Rd / Avenue Rd,11,False,"['key', 'transitcard', 'creditcard', 'phone']","['North', 'Davenport - Dupont']",437-992-7074,437-992-7074,500.0,True,{},,,,
7130,f8b99b28-e9c7-11ef-984e-124c66246c7d,Davenport Rd / Bedford Rd,REGULAR,43.674446,-79.398331,,Davenport Rd / Bedford Rd,15,False,"['key', 'transitcard', 'creditcard', 'phone']","['North', 'Davenport - Dupont']",647-641-6906,647-641-6906,500.0,True,{},M5R 1J8,,,
7131,f8b99dc9-e9c7-11ef-984e-124c66246c7d,Taddle Creek Park,REGULAR,43.66986,-79.398443,,Taddle Creek Park,15,False,"['key', 'transitcard', 'creditcard', 'phone']","['North', 'Bloor St W / Annex']",647-309-1691,647-309-1691,500.0,True,{},,,,
7132,f8b9a066-e9c7-11ef-984e-124c66246c7d,Kendal Ave / Spadina Rd,REGULAR,43.670318,-79.405181,,Kendal Ave / Spadina Rd,9,False,"['key', 'transitcard', 'creditcard', 'phone']","['North', 'Bloor St W / Annex']",647-641-7095,647-641-7095,500.0,True,{},,,,
7133,f8b9a305-e9c7-11ef-984e-124c66246c7d,Summerhill Subway Station,REGULAR,43.68201189061227,-79.39130701852416,,Summerhill Station,11,False,"['key', 'transitcard', 'creditcard', 'phone']","['North', 'Davenport - Dupont']",647-328-4512,647-328-4512,500.0,True,{},,,,
7135,f8b9aa19-e9c7-11ef-984e-124c66246c7d,Hanna Ave / Liberty St,REGULAR,43.638608601636705,-79.41965437361068,,Hanna Ave / Liberty St,35,False,"['key', 'transitcard', 'creditcard', 'phone']","['West', 'Liberty Village - Queen West']",647-280-9962,647-280-9962,500.0,True,{},M6K 1W8,,,
7137,f8b9aec5-e9c7-11ef-984e-124c66246c7d,Davenport Rd / Bathurst St,REGULAR,43.676667,-79.416111,,Davenport Rd / Bathurst St,15,False,"['key', 'transitcard', 'creditcard', 'phone']","['North', 'Davenport - Dupont']",647-641-6859,647-641-6859,500.0,True,{},,,,
7138,f8b9b12e-e9c7-11ef-984e-124c66246c7d,Davenport Rd / Christie St,REGULAR,43.675278,-79.423889,,Davenport Rd / Christie St,27,False,"['key', 'transitcard', 'creditcard', 'phone']","['West', 'Annex Efit drop off', 'Davenport - Dupont']",647-669-2814,647-669-2814,500.0,True,{},,,,
7139,f8b9b7ab-e9c7-11ef-984e-124c66246c7d,Glen Edyth Dr / Davenport Rd,REGULAR,43.677778,-79.405556,,Glen Edyth Dr / Davenport Rd,15,False,"['key', 'transitcard', 'creditcard', 'phone']","['North', 'Davenport - Dupont']",647-643-9830,647-643-9830,500.0,True,{},,,,
7140,f8b9bab1-e9c7-11ef-984e-124c66246c7d,Macpherson Ave / Spadina Rd,REGULAR,43.675791,-79.40698,,Macpherson Ave / Spadina Rd,15,False,"['key', 'transitcard', 'creditcard', 'phone']","['North', 'Davenport - Dupont']",647-669-2824,647-669-2824,500.0,True,{},,,,
7141,f8b9c03f-e9c7-11ef-984e-124c66246c7d,Bridgman Ave / Kendal Ave,REGULAR,43.675556,-79.410278,,Bridgeman Ave / Kendal Ave,15,False,"['key', 'transitcard', 'creditcard', 'phone']","['North', 'Davenport - Dupont']",647-640-7641,647-640-7641,500.0,True,{},,,,
7142,f8b9c690-e9c7-11ef-984e-124c66246c7d,Bridgman Ave / Bathurst St,REGULAR,43.674444,-79.414722,,Bridgeman Ave / Bathurst St,15,False,"['key', 'transitcard', 'creditcard', 'phone']","['North', 'Davenport - Dupont']",647-669-4408,647-669-4408,500.0,True,{},,,,
7143,f8b9cc1b-e9c7-11ef-984e-124c66246c7d,Kendal Ave / Bernard Ave,REGULAR,43.671513,-79.408317,,Kendal Ave / Bernard Ave,15,False,"['key', 'transitcard', 'creditcard', 'phone']","['North', 'Annex Efit drop off', 'Bloor St W / Annex']",647-643-9741,647-643-9741,500.0,True,{},,,,
7144,f8b9cee6-e9c7-11ef-984e-124c66246c7d,Palmerston Ave / Vermont Ave,REGULAR,43.671389,-79.416389,,Palmerston Ave / Vermont Ave,15,False,"['key', 'transitcard', 'creditcard', 'phone']","['West', 'Davenport - Dupont']",647-284-2560,647-284-2560,500.0,True,{},,,,
7146,f8b9d4a2-e9c7-11ef-984e-124c66246c7d,Christie St / Benson Ave (Wychwood Barns),REGULAR,43.68,-79.42500000000001,,Christie St / Benson Ave (Wychwood Barns),19,False,"['key', 'transitcard', 'creditcard', 'phone']","['West', 'St Clair Ave W']",647-643-9742,647-643-9742,500.0,True,{},,,,
7147,f8b9d738-e9c7-11ef-984e-124c66246c7d,King St W / Fraser Ave,REGULAR,43.6394444,-79.42527777777778,,King St W / Fraser Ave,15,False,"['key', 'transitcard', 'creditcard', 'phone']","['West', 'Liberty Village - Queen West']",647-669-3846,647-669-3846,500.0,True,{},,,,
7148,f8b9ddcf-e9c7-11ef-984e-124c66246c7d,King St W / Joe Shuster Way,REGULAR,43.639444,-79.423611,,King St W / Joe Shuster Way,23,False,"['key', 'transitcard', 'creditcard', 'phone']","['West', 'Liberty Village - Queen West']",647-285-4281,647-285-4281,500.0,True,{},,,,
7149,f8b9e3e0-e9c7-11ef-984e-124c66246c7d,Yarmouth Rd / Christie St,REGULAR,43.67,-79.42083333333333,,Yarmouth Rd / Christie St,11,False,"['key', 'transitcard', 'creditcard', 'phone']","['West', 'Davenport - Dupont']",647-287-2061,647-287-2061,500.0,True,{},,,,
7150,f8b9f01f-e9c7-11ef-984e-124c66246c7d,Dufferin St / Sylvan Av (Dufferin Grove Park),REGULAR,43.6555556,-79.43361111111112,,Dufferin St / Sylvan Av (Dufferin Grove Park),19,False,"['key', 'transitcard', 'creditcard', 'phone']","['West', 'Annex Efit drop off', 'College St - Harbord St']",647-643-9812,647-643-9812,500.0,True,{},,,,
7151,f8b9f763-e9c7-11ef-984e-124c66246c7d,Essex St / Christie St,REGULAR,43.6686111,-79.42027777777778,,Essex St / Christie St,18,False,"['key', 'transitcard', 'creditcard', 'phone']","['West', 'Davenport - Dupont']",647-643-9745,647-643-9745,500.0,True,{},,,,
7152,f8b9ff2f-e9c7-11ef-984e-124c66246c7d,Ossington Ave / Bloor St W,REGULAR,43.66171041271702,-79.42559160724657,,Ossington Ave / Bloor St W,11,False,"['key', 'transitcard', 'creditcard', 'phone']","['West', 'Bloor St W / Annex']",647-286-9204,647-286-9204,500.0,True,{},,,,
7153,f8ba067a-e9c7-11ef-984e-124c66246c7d,Bloor St W / Christie St,REGULAR,43.6638889,-79.41888888888889,,Bloor St W / Christie St,18,False,"['key', 'transitcard', 'creditcard', 'phone']","['West', 'Annex Efit drop off', 'Bloor St W / Annex']",647-643-9744,647-643-9744,500.0,True,{},,,,
7154,f8ba0c8b-e9c7-11ef-984e-124c66246c7d,Bathurst Subway Station,REGULAR,43.6666667,-79.41166666666668,,Bathurst Subway Station,23,False,"['key', 'transitcard', 'creditcard', 'phone']","['North', 'Bloor St W / Annex']",647-289-4712,647-289-4712,500.0,True,{},,,,
7155,f8ba1795-e9c7-11ef-984e-124c66246c7d,Bathurst St / Lennox St,REGULAR,43.663808,-79.410491,,Bathurst St / Lennox St,19,False,"['key', 'transitcard', 'creditcard', 'phone']","['North', 'Bloor St W / Annex']",647-643-9750,647-643-9750,500.0,True,{},,,,
7156,f8ba19e8-e9c7-11ef-984e-124c66246c7d,Salem Ave / Bloor St W,REGULAR,43.6608333,-79.43166666666667,,Salem Ave / Bloor St W,15,False,"['key', 'transitcard', 'creditcard', 'phone']","['West', 'Bloor St W / Annex']",647-289-9256,647-289-9256,500.0,True,{},,,,
7157,f8ba1c52-e9c7-11ef-984e-124c66246c7d,Dufferin St / Bloor St W,REGULAR,43.66083333333333,-79.43583333333333,,Dufferin St / Bloor St,23,False,"['key', 'transitcard', 'creditcard', 'phone']","['West', 'Bloor St W / Annex']",647-309-0950,647-309-0950,500.0,True,{},,,,
7158,f8bd3cc1-e9c7-11ef-984e-124c66246c7d,King St W / Stafford St,REGULAR,43.6422222,-79.41111111111111,,King St W / Stafford St,15,False,"['key', 'transitcard', 'creditcard', 'phone']","['West', 'Liberty Village - Queen West']",647-300-9735,647-300-9735,500.0,True,{},,,,
7160,f8bd41f7-e9c7-11ef-984e-124c66246c7d,King St W / Tecumseth St,REGULAR,43.64333333333333,-79.40555555555557,,King St W / Tecumseth St,19,False,"['key', 'transitcard', 'creditcard', 'phone']","['West', 'Fort York - Entertainment District']",647-302-3804,647-302-3804,500.0,True,{},,,,
7161,f8bd455c-e9c7-11ef-984e-124c66246c7d,Beverley St / College St,REGULAR,43.6575,-79.39527777777778,,Beverley St / College St,23,False,"['key', 'transitcard', 'creditcard', 'phone']","['South', 'U of T - Hospital Row']",647-643-9768,647-643-9768,500.0,True,{},,,,
7162,f8bd480e-e9c7-11ef-984e-124c66246c7d,Hayter St / La Plante Ave,REGULAR,43.6591666666667,-79.3855555555556,,Hayter St / Laplante Ave,23,False,"['key', 'transitcard', 'creditcard', 'phone']","['South', 'U of T - Hospital Row']",647-669-1302,647-669-1302,500.0,True,{},,,,
7164,f8bd4d1f-e9c7-11ef-984e-124c66246c7d,Gould St / Yonge St (TMU),REGULAR,43.657424,-79.381019,,Gould St / Yonge St (Ryerson University),23,False,"['key', 'transitcard', 'creditcard', 'phone']","['South', 'Financial District']",647-292-0183,647-292-0183,500.0,True,{},,,,
7168,f8bd557b-e9c7-11ef-984e-124c66246c7d,Queens Quay / Yonge St,REGULAR,43.641646,-79.375308,,Queens Quay / Yonge St,47,False,"['key', 'transitcard', 'creditcard', 'phone']","['South', 'Watefront']",647-643-9780,647-643-9780,500.0,True,{},,,,
7169,f8bd57e2-e9c7-11ef-984e-124c66246c7d,Front St W / Bay St (North Side),REGULAR,43.646162,-79.378912,,Front St W / Bay St (North Side),11,False,"['key', 'transitcard', 'creditcard', 'phone']","['South', 'Financial District']",437-992-6547,437-992-6547,500.0,True,{},,,,
7170,f8bd5a76-e9c7-11ef-984e-124c66246c7d,Spadina Ave / Willcocks St,REGULAR,43.6616667,-79.40138888888889,,Spadina Ave / Willcocks St,15,False,"['key', 'transitcard', 'creditcard', 'phone']","['South', 'U of T - Hospital Row']",647-293-0441,647-293-0441,500.0,True,{},,,,
7171,f8bd5d14-e9c7-11ef-984e-124c66246c7d,Ontario Place Blvd / Lake Shore Blvd W,REGULAR,43.6322445,-79.4108105,0.0,Ontario Place Blvd / Lake Shore Blvd W,27,False,"['key', 'transitcard', 'creditcard', 'phone']","['West', 'Watefront']",647-294-0390,647-294-0390,500.0,True,{},,False,,
7172,f8bd5f8f-e9c7-11ef-984e-124c66246c7d,Strachan Ave / Princes' Blvd,REGULAR,43.635,-79.4088888888889,,Strachan Ave / Princes' Blvd,19,False,"['key', 'transitcard', 'creditcard', 'phone']","['West', 'Liberty Village - Queen West', 'Watefront']",647-294-5248,647-294-5248,500.0,True,{},,False,,
7173,f8bd61ea-e9c7-11ef-984e-124c66246c7d,Cariboo Ave / Railpath Trail,REGULAR,43.66666667,-79.45833333333334,,Cariboo St / Rail Path,19,False,"['key', 'transitcard', 'creditcard', 'phone']","['West', 'Davenport - Dupont']",647-643-9769,647-643-9769,500.0,True,{},,,,
7174,f8bd64ea-e9c7-11ef-984e-124c66246c7d,Bloor St W / Dundas St W,REGULAR,43.65659717619002,-79.4515374491519,0.0,Bloor St W / Dundas St W,15,False,"['key', 'transitcard', 'creditcard', 'phone']","['West', 'Bloor St W / Annex']",647-296-3378,647-296-3378,500.0,True,{},,,,
7175,f8bd6812-e9c7-11ef-984e-124c66246c7d,HTO Park (Queens Quay W),REGULAR,43.63796,-79.387502,,HTO Park (Queens Quay W),27,False,"['key', 'transitcard', 'creditcard', 'phone']","['South', 'Watefront']",647-643-9853,647-643-9853,500.0,True,{},,False,,
7176,f8bd6ae8-e9c7-11ef-984e-124c66246c7d,Bathurst St / Fort York Blvd,REGULAR,43.639179,-79.399595,,Bathurst St / Fort York Blvd,19,False,"['key', 'transitcard', 'creditcard', 'phone']","['South', 'Fort York - Entertainment District']",647-643-9795,647-643-9795,500.0,True,{},,,,
7178,f8bd718f-e9c7-11ef-984e-124c66246c7d,Dundas St W / Edna Ave,REGULAR,43.657192,-79.452559,,Dundas St W / Edna Ave,15,False,"['key', 'transitcard', 'creditcard', 'phone']","['West', 'Bloor St W / Annex']",647-643-9783,647-643-9783,500.0,True,{},,,,
7180,f8bd77ba-e9c7-11ef-984e-124c66246c7d,Lansdowne Subway Station,REGULAR,43.65922918158098,-79.44320901022282,0.0,Lansdowne Ave / Wade Ave,23,False,"['key', 'transitcard', 'creditcard', 'phone']","['West', 'Bloor St W / Annex']",647-643-9759,647-643-9759,500.0,True,{},,,,
7181,f8bd7a90-e9c7-11ef-984e-124c66246c7d,Lansdowne Ave / Whytock Ave,REGULAR,43.6538888888889,-79.4413888888889,,Lansdowne Ave / Whytock Ave,15,False,"['key', 'transitcard', 'creditcard', 'phone']","['West', 'College St - Harbord St']",647-295-6052,647-295-6052,500.0,True,{},,,,
7182,f8bd7d97-e9c7-11ef-984e-124c66246c7d,Sterling Rd / Dundas St W,REGULAR,43.6508333333333,-79.4430555555556,,Sterling Rd / Dundas St W,19,False,"['key', 'transitcard', 'creditcard', 'phone']","['West', 'College St - Harbord St']",647-643-9791,647-643-9791,500.0,True,{},,,,
7183,f8bd808c-e9c7-11ef-984e-124c66246c7d,St Clarens Ave / College St,REGULAR,43.651238,-79.43868,0.0,St Clarens Ave / College St,15,False,"['key', 'transitcard', 'creditcard', 'phone']","['West', 'College St - Harbord St']",647-300-6130,647-300-6130,500.0,True,{},,,,
7184,f8bd837b-e9c7-11ef-984e-124c66246c7d,Ossington Ave / College St,VAULT,43.6544915,-79.422634,,Ossington Ave / College St,11,False,"['key', 'transitcard', 'phone']","['West', 'College St - Harbord St']",647-643-9789,647-643-9789,500.0,True,{},,,,
7188,f8bd8702-e9c7-11ef-984e-124c66246c7d,Atlantic Ave / Liberty St,REGULAR,43.637695491830144,-79.42023184193503,,Exhibition GO (Atlantic Ave),35,False,"['key', 'transitcard', 'creditcard', 'phone']","['West', 'Liberty Village - Queen West']",647-643-9764,647-643-9764,500.0,True,{},,True,,Employee assisted valet supporting Fan Fest and gameday events. Always find a spot to dock your bike!
7189,f8bd8a9e-e9c7-11ef-984e-124c66246c7d,Augusta Ave / Denison Sq,REGULAR,43.653766,-79.4016759,0.0,Augusta Ave / Denison Sq,15,False,"['key', 'transitcard', 'creditcard', 'phone']","['South', 'College St - Harbord St']",647-285-0348,647-285-0348,500.0,True,{},,,,
7190,f8bd8dbd-e9c7-11ef-984e-124c66246c7d,St. George St / Hoskin Ave,REGULAR,43.6637403,-79.39806449999999,,St. George St / Hoskin Ave,15,False,"['key', 'transitcard', 'creditcard', 'phone']","['South', 'U of T - Hospital Row']",647-669-1645,647-669-1645,500.0,True,{},M5S 2E5,,,
7191,f8bd90bf-e9c7-11ef-984e-124c66246c7d,Central Tech  (Harbord St),REGULAR,43.661975,-79.407896,,Central Tech (Harbord St),10,False,"['key', 'transitcard', 'creditcard', 'phone']","['South', 'Annex Efit drop off', 'College St - Harbord St']",647-643-9801,647-643-9801,500.0,True,{},,,,
7192,f8bd938d-e9c7-11ef-984e-124c66246c7d,Harbord St / Clinton St,REGULAR,43.660414,-79.415646,,Harbord St / Clinton St,15,False,"['key', 'transitcard', 'creditcard', 'phone']","['West', 'Annex Efit drop off', 'College St - Harbord St']",647-669-1501,647-669-1501,500.0,True,{},,,,
7193,f8bd95f1-e9c7-11ef-984e-124c66246c7d,Dufferin St / Queen St W,REGULAR,43.64309687937765,-79.42875613770637,,Dufferin St /Queen St W ,15,False,"['key', 'transitcard', 'creditcard', 'phone']","['West', 'Liberty Village - Queen West']",647-405-2875,647-405-2875,500.0,True,{},,,,
7195,f8bd9ab5-e9c7-11ef-984e-124c66246c7d,Ulster St / Bathurst St,REGULAR,43.66,-79.4088888888889,,Ulster St / Bathurst St,10,False,"['key', 'transitcard', 'creditcard', 'phone']","['South', 'College St - Harbord St']",647-643-9821,647-643-9821,500.0,True,{},,,,
7196,f8bd9cfc-e9c7-11ef-984e-124c66246c7d,Roxton Rd / Harbord St,REGULAR,43.65905,-79.422988,,Roxton Rd / Harbord St,10,False,"['key', 'transitcard', 'creditcard', 'phone']","['West', 'College St - Harbord St']",647-643-9811,647-643-9811,500.0,True,{},,,,
7197,f8bd9f41-e9c7-11ef-984e-124c66246c7d,Queen St W / Dovercourt Rd,REGULAR,43.6438602,-79.4227573,,Queen St W / Dovercourt Rd,11,False,"['key', 'transitcard', 'creditcard', 'phone']","['West', 'Liberty Village - Queen West']",647-643-9863,647-643-9863,500.0,True,{},M6J 3C4,,,
7198,f8bda185-e9c7-11ef-984e-124c66246c7d,Queen St W / Cowan Ave,REGULAR,43.64089724173822,-79.43283582518329,,1303 Queen St W,19,False,"['key', 'transitcard', 'creditcard', 'phone']","['West', 'Liberty Village - Queen West']",647-244-9310,647-244-9310,500.0,True,{},M6K 1L6,,Queen St W / Cowan Ave,
7199,f8bda40a-e9c7-11ef-984e-124c66246c7d,College St / Markham St,REGULAR,43.6563888888889,-79.4091666666667,,College St / Markham St,19,False,"['key', 'transitcard', 'creditcard', 'phone']","['West', 'College St - Harbord St']",647-643-9817,647-643-9817,500.0,True,{},,False,,
7202,f8bda6cc-e9c7-11ef-984e-124c66246c7d,York St / Queen St W (City Hall),VAULT,43.65160619179464,-79.38404693334348,,York St / Queen St W (City Hall),27,False,"['key', 'transitcard', 'phone']","['South', 'Financial District']",647-629-5943,647-629-5943,500.0,True,{},M5H 2N3,False,,
7203,f8bda91f-e9c7-11ef-984e-124c66246c7d,Bathurst St/Queens Quay(Billy Bishop Airport),REGULAR,43.635492,-79.398253,,Bathurst St/Queens Quay(Billy Bishop Airport),34,False,"['key', 'transitcard', 'creditcard', 'phone']","['South', 'Watefront']",647-669-4303,647-669-4303,500.0,True,{},,,,
7204,f8bdab2f-e9c7-11ef-984e-124c66246c7d,College St / Crawford St,REGULAR,43.655,-79.418889,,College St / Crawford St,19,False,"['key', 'transitcard', 'creditcard', 'phone']","['West', 'College St - Harbord St']",647-530-9928,647-530-9928,500.0,True,{},,,,
7205,f8bdad8d-e9c7-11ef-984e-124c66246c7d,Rusholme Park Cres / College St,REGULAR,43.65277778,-79.42972222,,Rusholme Park Cres / College St,15,False,"['key', 'transitcard', 'creditcard', 'phone']","['West', 'College St - Harbord St']",647-633-4094,647-633-4094,500.0,True,{},,,,
7206,f8bdb04a-e9c7-11ef-984e-124c66246c7d,Claremont St / Dundas St W,REGULAR,43.651281,-79.411717,,Claremont St / Dundas St W,13,False,"['key', 'transitcard', 'creditcard', 'phone']","['West', 'College St - Harbord St']",647-530-5659,647-530-5659,500.0,True,{},,,,
7207,f8bdb2c2-e9c7-11ef-984e-124c66246c7d,Dundas St W / Crawford St,REGULAR,43.649722,-79.416944,,Dundas St W / Crawford St,47,False,"['key', 'transitcard', 'creditcard', 'phone']","['West', 'College St - Harbord St']",647-669-3017,647-669-3017,500.0,True,{},,False,,
7208,f8bdb533-e9c7-11ef-984e-124c66246c7d,80 Clinton St,REGULAR,43.656296,-79.414663,,80 Clinton St (North of College),15,False,"['key', 'transitcard', 'creditcard', 'phone']","['West', 'College St - Harbord St']",647-530-1442,647-530-1442,500.0,True,{},,,,
7209,f8bdb796-e9c7-11ef-984e-124c66246c7d,Ossington Ave / Harrison St,REGULAR,43.651111111111106,-79.4213888888889,,Ossington Ave / Harrison St,19,False,"['key', 'transitcard', 'creditcard', 'phone']","['West', 'College St - Harbord St']",647-669-4279,647-669-4279,500.0,True,{},,,,
7210,f8bdba60-e9c7-11ef-984e-124c66246c7d,Mary McCormick Rec Centre (Sheridan Ave),REGULAR,43.6475,-79.43305555555555,,Mary McCormick Rec Centre (Sheridan Ave),15,False,"['key', 'transitcard', 'creditcard', 'phone']","['West', 'College St - Harbord St']",647-504-1948,647-504-1948,500.0,True,{},,,,
7216,f8bdc2a4-e9c7-11ef-984e-124c66246c7d,Ordnance Park,REGULAR,43.6409957,-79.40966630000001,,Wellington St W / Stafford St,21,False,"['key', 'transitcard', 'creditcard', 'phone']","['West', 'Liberty Village - Queen West']",647-643-9874,647-643-9874,500.0,True,{},M5V 1G8,True,,Employee assisted valet supporting Fan Fest and gameday events. Always find a spot to dock your bike!
7217,f8bdc598-e9c7-11ef-984e-124c66246c7d,Soho St / Queen St W,REGULAR,43.649649714291584,-79.39372141352654,,Soho St. / Queen St W,15,False,"['key', 'transitcard', 'creditcard', 'phone']","['South', 'Fort York - Entertainment District']",647-669-1785,647-669-1785,500.0,True,{},,,,
7220,f8bfab3a-e9c7-11ef-984e-124c66246c7d,Lake Shore Blvd W / Ellis Ave,REGULAR,43.635932,-79.465083,,Lake Shore Blvd W / Ellis Ave,19,False,"['key', 'transitcard', 'creditcard', 'phone']","['West', 'Humber Bay Shores']",647-502-8498,647-502-8498,1000.0,True,{},,,,
7221,f8bfb339-e9c7-11ef-984e-124c66246c7d,High Park Subway Station,REGULAR,43.6543604,-79.4655296,,High Park Subway Station,11,False,"['key', 'transitcard', 'creditcard', 'phone']","['West', 'Bloor St W - High Park']",647-669-0254,647-669-0254,1000.0,True,{},,,,
7222,f8bfb985-e9c7-11ef-984e-124c66246c7d,Sunnyside - Gus Ryder Pool,REGULAR,43.637894,-79.454823,,Sunnyside - Gus Ryder Pool,27,False,"['key', 'transitcard', 'creditcard', 'phone']","['West', 'Humber Bay Shores']",647-339-2011,647-339-2011,1000.0,True,{},,False,,
7223,f8bfbff9-e9c7-11ef-984e-124c66246c7d,Parkside Dr / Bloor St W - SMART,SMARTMAPFRAME,43.654501,-79.460053,,Parkside Dr / Bloor St W,12,False,"['key', 'transitcard', 'phone']","['West', 'Bloor St W - High Park']",647-669-0176,647-669-0176,1000.0,True,{},,,,
7224,f8bfc622-e9c7-11ef-984e-124c66246c7d,Bloor St W / High Park Ave (High Park),REGULAR,43.6535269,-79.4650569,,Bloor St W / High Park Ave (High Park),23,False,"['key', 'transitcard', 'creditcard', 'phone']","['West', 'Bloor St W - High Park']",647-405-1809,647-405-1809,1000.0,True,{},,False,,
7225,f8bfcc0d-e9c7-11ef-984e-124c66246c7d,Lake Shore Blvd W / Windermere Ave,REGULAR,43.634896,-79.467763,,Lake Shore Blvd W / Windermere Ave,19,False,"['key', 'transitcard', 'creditcard', 'phone']","['West', 'Humber Bay Shores']",647-330-4430,647-330-4430,1000.0,True,{},,,,
7226,f8bfd2dc-e9c7-11ef-984e-124c66246c7d,Lake Shore Blvd W / The Boulevard Club,REGULAR,43.636731,-79.444966,,Lake Shore Blvd W / The Boulevard Club,19,False,"['key', 'transitcard', 'creditcard', 'phone']","['West', 'Watefront']",647-643-9869,647-643-9869,1000.0,True,{},,,,
7227,f8bfdc38-e9c7-11ef-984e-124c66246c7d,Martin Goodman Trail (Marilyn Bell Park),REGULAR,43.6314,-79.4304,,Martin Goodman Trail (Marilyn Bell Park),31,False,"['key', 'transitcard', 'creditcard', 'phone']","['West', 'Watefront']",647-338-5620,647-338-5620,1000.0,True,{},,,,
7228,f8bfe0aa-e9c7-11ef-984e-124c66246c7d,King St W / Wilson Park Blvd,REGULAR,43.6372958,-79.4423237,,King St W / Wilson Park Rd,19,False,"['key', 'transitcard', 'creditcard', 'phone']","['West', 'Liberty Village - Queen West']",647-669-0897,647-669-0897,1000.0,True,{},M6K 1J6,,,
7229,f8bfe31e-e9c7-11ef-984e-124c66246c7d,2201 Dundas St W ,ELECTRICBIKESTATION,43.6534268,-79.4512787,,Dundas St W / Roncesvalles Green P,11,True,"['key', 'transitcard', 'creditcard', 'phone']","['E-Charging ', 'West', 'College St - Harbord St']",437-992-7377,437-992-7377,1000.0,True,{},,,,
7230,f8bfe59c-e9c7-11ef-984e-124c66246c7d,Garden Ave / Roncesvalles Ave,REGULAR,43.643769,-79.447915,,Garden Ave / Roncesvalles Ave,19,False,"['key', 'transitcard', 'creditcard', 'phone']","['West', 'College St - Harbord St']",647-669-0128,647-669-0128,1000.0,True,{},,,,
7231,f8bfe998-e9c7-11ef-984e-124c66246c7d,Wright Ave / Sorauren Ave - SMART,SMARTMAPFRAME,43.646677,-79.442741,,Wright Ave / Sorauren St (Sorauren Park),18,False,"['key', 'transitcard', 'phone']","['West', 'College St - Harbord St']",437-992-0663,437-992-0663,1000.0,True,{},,,,
7232,f8bfec2f-e9c7-11ef-984e-124c66246c7d,Queen St W  /  Fuller Ave - SMART,SMARTMAPFRAME,43.640255,-79.439223,,Queen St W / Fuller Ave,16,False,"['key', 'transitcard', 'phone']","['West', 'Liberty Village - Queen West']",647-669-0539,647-669-0539,1000.0,True,{},,,,
7233,f8bfee8e-e9c7-11ef-984e-124c66246c7d,King St W / Cowan Ave - SMART,SMARTMAPFRAME,43.637922,-79.431734,,King St W / Cowan Ave,16,False,"['key', 'transitcard', 'phone']","['West', 'Liberty Village - Queen West']",647-669-3856,647-669-3856,1000.0,True,{},,,King St W / Cowan Ave,
7234,f8bff0ea-e9c7-11ef-984e-124c66246c7d,Roncesvalles Ave / Marmaduke St,REGULAR,43.650492,-79.450842,,Roncesvalles Ave / Marmaduke St,19,False,"['key', 'transitcard', 'creditcard', 'phone']","['West', 'College St - Harbord St']",647-400-6814,647-400-6814,1000.0,True,{},,,,
7235,f8bff343-e9c7-11ef-984e-124c66246c7d,Bay St / College St (West Side) - SMART,SMARTMAPFRAME,43.660087,-79.385655,,Bay St / College St (West Side),16,False,"['key', 'transitcard', 'phone']","['South', 'U of T - Hospital Row']",437-992-0779,437-992-0779,1000.0,True,{},,,,
7236,f8bff5a1-e9c7-11ef-984e-124c66246c7d,Thompson St / Broadview Ave - SMART,SMARTMAPFRAME,43.659471,-79.350325,,Thompson St / Broadview Ave,24,False,"['key', 'transitcard', 'phone']","['East', 'Leslieville - Woodbine']",437-992-2970,437-992-2970,1000.0,True,{},,,,
7237,f8bff853-e9c7-11ef-984e-124c66246c7d,Ward St / Wallace Ave,REGULAR,43.662857,-79.44618,,Ward Ave / Wallace Ave,15,False,"['key', 'transitcard', 'creditcard', 'phone']","['West', 'Davenport - Dupont']",647-643-9824,647-643-9824,1000.0,True,{},m6h1v5,,,
7238,f8bffab2-e9c7-11ef-984e-124c66246c7d,Sorauren Ave / Geoffrey St - SMART,SMARTMAPFRAME,43.649172,-79.4445087,,Sorauren St / Geoffrey St (Sorauren Park),16,False,"['key', 'transitcard', 'phone']","['West', 'College St - Harbord St']",437-992-0948,437-992-0948,1000.0,True,{},,,,
7239,f8bffd0f-e9c7-11ef-984e-124c66246c7d,Bloor St W / Manning Ave - SMART,SMARTMAPFRAME,43.663912,-79.416124,,Bloor St W / Manning Ave,42,False,"['key', 'transitcard', 'phone']","['West', 'Annex Efit drop off', 'Bloor St W / Annex']",437-992-4514,437-992-4514,1000.0,True,{},,,,
7240,f8bfff58-e9c7-11ef-984e-124c66246c7d,Bloor St W / Shaw St - SMART,SMARTMAPFRAME,43.662403,-79.423098,,Bloor St W / Shaw Ave,34,False,"['key', 'transitcard', 'phone']","['West', 'Annex Efit drop off', 'Bloor St W / Annex']",437-992-3508,437-992-3508,1000.0,True,{},,,,
7242,f8c003ee-e9c7-11ef-984e-124c66246c7d,Lake Shore Blvd W / Ontario Dr,VAULT,43.630254,-79.420317,,Lake Shore Blvd W / Ontario Dr (Ontario Place),35,False,"['key', 'transitcard', 'phone']","['West', 'Watefront']",647-669-1038,647-669-1038,560.0,True,{},,,,
7244,f8c0089f-e9c7-11ef-984e-124c66246c7d,Dufferin Gate - SMART,SMARTMAPFRAME,43.633473,-79.425679,,Dufferin Gate,16,False,"['key', 'transitcard', 'phone']","['West', 'Watefront']",647-669-0734,647-669-0734,1000.0,True,{},,,,
7246,f8c00d4b-e9c7-11ef-984e-124c66246c7d,Yonge St / Bloor St,REGULAR,43.669969,-79.386532,,Yonge St / Bloor St,19,False,"['key', 'transitcard', 'creditcard', 'phone']","['North', 'Church Wellesley / Yorkville']",647-669-3238,647-669-3238,1000.0,True,{},,,,
7247,f8c00f84-e9c7-11ef-984e-124c66246c7d,Howard Park Ave / Dundas St W - SMART,SMARTMAPFRAME,43.6521,-79.4486,,Howard Park Ave / Dundas St W,12,False,"['key', 'transitcard', 'phone']","['P7229-7247', 'West', 'College St - Harbord St']",437-992-0352,437-992-0352,1000.0,True,{},,,,
7248,f8c011f7-e9c7-11ef-984e-124c66246c7d,Baldwin St / Spadina Ave - SMART,SMARTMAPFRAME,43.654905,-79.398448,,Baldwin Ave / Spadina Ave,20,False,"['key', 'transitcard', 'phone']","['South', 'College St - Harbord St']",437-992-0713,437-992-0713,1000.0,True,{},,,,
7249,f8c0143d-e9c7-11ef-984e-124c66246c7d,144 Harrison St,ELECTRICBIKESTATION,43.651145,-79.423742,,144 Harrison St ,51,True,"['key', 'transitcard', 'creditcard', 'phone']","['E-Charging ', 'West', 'Trinity - Bellwoods']",CP168- 144 Harrison St,CP168- 144 Harrison St,100.0,True,{},,,,
7250,f8c016ae-e9c7-11ef-984e-124c66246c7d,Ursula Franklin St / St. George St - SMART,SMARTMAPFRAME,43.660296,-79.397107,,Ursula Franklin St / St. George St,16,False,"['key', 'transitcard', 'phone']","['P7250-7358', 'South', 'U of T - Hospital Row']",647-338-0572,647-338-0572,1000.0,True,{},,,,
7252,f8c01c5c-e9c7-11ef-984e-124c66246c7d,Robert St / Bloor St W - SMART,SMARTMAPFRAME,43.665846,-79.404998,,Robert St / Bloor St W,18,False,"['key', 'transitcard', 'phone']","['North', 'Annex Efit drop off', 'Bloor St W / Annex']",437-9924908,437-9924908,1000.0,True,{},,,,
7253,f8c01fdb-e9c7-11ef-984e-124c66246c7d,John St  / Mercer St - SMART,SMARTMAPFRAME,43.6461,-79.3895,,John St / Mercer St - SMART,12,False,"['key', 'transitcard', 'phone']","['South', 'Financial District']",647-649-4986,647-649-4986,1000.0,True,{},,,,
7256,f8c0285f-e9c7-11ef-984e-124c66246c7d,Vanauley St / Queen St W - SMART,SMARTMAPFRAME,43.648437,-79.39838,,Vanauley St / Queen St W,12,False,"['key', 'transitcard', 'phone']","['South', 'Fort York - Entertainment District']",437-992-6550,437-992-6550,1000.0,True,{},,,,
7257,f8c02b27-e9c7-11ef-984e-124c66246c7d,Dundas St W / St. Patrick St,REGULAR,43.6545174,-79.3895315,,Dundas St W / St. Patrick St,19,False,"['key', 'transitcard', 'creditcard', 'phone']","['South', 'U of T - Hospital Row']",647-400-9727,647-400-9727,1000.0,True,{},,,,
7258,f8c02e11-e9c7-11ef-984e-124c66246c7d,Queen St E / Rushbrooke Ave,REGULAR,43.6626628,-79.3323698,,Queen St E / Rushbrooke Ave,15,False,"['key', 'transitcard', 'creditcard', 'phone']","['East', 'Leslieville - Woodbine']",647-504-9410,647-504-9410,1000.0,True,{},M4M 1L5,,,
7259,f8c030f5-e9c7-11ef-984e-124c66246c7d,Lower Spadina Ave / Lake Shore Blvd W,REGULAR,43.638497,-79.39192,,Lower Spadina Ave / Lake Shore Blvd W,19,False,"['key', 'transitcard', 'creditcard', 'phone']","['South', 'Watefront']",647-402-7126,647-402-7126,1000.0,True,{},,,,
7260,f8c033c8-e9c7-11ef-984e-124c66246c7d,Spadina Ave / Adelaide St W,REGULAR,43.6472019,-79.3953394,,Spadina Ave / Adelaide St W,15,False,"['key', 'transitcard', 'creditcard', 'phone']","['South', 'Fort York - Entertainment District']",647-712-8927,647-712-8927,1000.0,True,{},M5V 2K8,,,
7261,f8c036d6-e9c7-11ef-984e-124c66246c7d,Queens Quay E / Lower Sherbourne St,REGULAR,43.645215,-79.364898,0.0,Queens Quay E / Lower Sherbourne,27,False,"['key', 'transitcard', 'creditcard', 'phone']","['East', 'Watefront']",437-688-8691,437-688-8691,1000.0,True,{},M5A 3Y4,,,
7262,f8c0a26f-e9c7-11ef-984e-124c66246c7d,Wychwood Ave / Benson Ave - SMART,SMARTMAPFRAME,43.6809164,-79.4229684,,Wychwood Ave / Benson Ave,16,False,"['key', 'transitcard', 'phone']","['West', 'St Clair Ave W']",437-992-6472,437-992-6472,1000.0,True,{},,,,
7264,f8c0aa42-e9c7-11ef-984e-124c66246c7d,Bloor St E / Huntley St - SMART,SMARTMAPFRAME,43.671535,-79.379173,,Bloor St E / Huntley St,18,False,"['key', 'transitcard', 'phone']","['East', 'Church Wellesley / Yorkville']",437-992-3239,437-992-3239,1000.0,True,{},,,,
7265,f8c0ace4-e9c7-11ef-984e-124c66246c7d,Wallace Ave / Symington Ave - SMART,SMARTMAPFRAME,43.661324,-79.449534,,Wallace Ave / Symington Ave,12,False,"['key', 'transitcard', 'phone']","['West', 'Davenport - Dupont']",437-992-0966,437-992-0966,1000.0,True,{},,,,
7266,f8c0affd-e9c7-11ef-984e-124c66246c7d,Victoria Park Subway Station - SMART,SMARTMAPFRAME,43.695101521988285,-79.28970303201599,,Victoria Park Subway Station,12,False,"['key', 'transitcard', 'phone']","['East', 'Danforth']",437-992-7115,437-992-7115,1000.0,True,{},,,,
7267,f8c0b27b-e9c7-11ef-984e-124c66246c7d,Dundas St E / Pembroke St ,VAULT,43.658295,-79.372346,,Dundas St E / Pembroke St,15,False,"['key', 'transitcard', 'phone']","['East', 'Regent Park - Distillery']",437-992-1458,437-992-1458,1000.0,True,{},,,Dundas St E / Pembroke St,
7268,f8c0b4ea-e9c7-11ef-984e-124c66246c7d,111 Bond St (North of Dundas St E)  - SMART,SMARTMAPFRAME,43.656927,-79.378497,,111 Bond St (North of Dundas St E),16,False,"['key', 'transitcard', 'phone']","['South', 'Financial District']",437-992-1826,437-992-1826,1000.0,True,{},,,,
7269,f8c0b8ac-e9c7-11ef-984e-124c66246c7d,Toronto Eaton Centre (Yonge St) - SMART,SMARTMAPFRAME,43.655431,-79.380653,,Toronto Eaton Centre (Yonge St),20,False,"['key', 'transitcard', 'phone']","['South', 'Financial District']",647-669-0729,647-669-0729,1000.0,True,{},,,,
7270,f8c0bbd4-e9c7-11ef-984e-124c66246c7d,Church St / Dundas St E - SMART,SMARTMAPFRAME,43.657024,-79.377257,,Church St / Dundas St E,20,False,"['key', 'transitcard', 'phone']","['South', 'Financial District']",437-992-0805,437-992-0805,1000.0,True,{},,,,
7271,f8c0be6c-e9c7-11ef-984e-124c66246c7d,Yonge St / Alexander St - SMART,SMARTMAPFRAME,43.662862,-79.383572,,Yonge St / Alexander St,18,False,"['key', 'transitcard', 'phone']","['South', 'Church Wellesley / Yorkville']",437-992-3627,437-992-3627,1000.0,True,{},,,,
7272,f8c0c16e-e9c7-11ef-984e-124c66246c7d,Yonge St / Dundonald St ,VAULT,43.66596010067729,-79.38461360978698,,Yonge St / Dundonald St,27,False,"['key', 'transitcard', 'phone']","['South', 'Church Wellesley / Yorkville']",437-992-6086,437-992-6086,1000.0,True,{},,,Yonge St / Dundonald St,
7273,f8c0c3e8-e9c7-11ef-984e-124c66246c7d,Bay St / Charles St W - SMART,SMARTMAPFRAME,43.668153,-79.38891,,Bay St / Charles St W,20,False,"['key', 'transitcard', 'phone']","['North', 'Church Wellesley / Yorkville']",437-992-7265,437-992-7265,1000.0,True,{},,,,
7276,f8c0cb06-e9c7-11ef-984e-124c66246c7d,Bloor St W / Balmuto St,REGULAR,43.66981064282057,-79.38801106873031,,Bloor St W / Balmuto St,11,False,"['key', 'transitcard', 'creditcard', 'phone']","['North', 'Church Wellesley / Yorkville']",647-669-4314,647-669-4314,1000.0,True,{},,,,
7277,f8c0cd5f-e9c7-11ef-984e-124c66246c7d,Chorley Park - SMART,SMARTMAPFRAME,43.6856,-79.3718,,Chorley Park,20,False,"['key', 'transitcard', 'phone']","['East', 'Davenport - Dupont']",437-992-0849,437-992-0849,1000.0,True,{},,,,
7278,f8c0cfba-e9c7-11ef-984e-124c66246c7d,Mallon Ave / Jones Ave -SMART,SMARTMAPFRAME,43.66587,-79.33443,,Mallon Ave / Jones Ave,15,False,"['key', 'transitcard', 'phone']","['East', 'Leslieville - Woodbine']",437-992-0901,437-992-0901,1000.0,True,{},M4M2Z1,,,
7279,f8c0d22e-e9c7-11ef-984e-124c66246c7d,Rosehill Ave / Avoca Ave - SMART,SMARTMAPFRAME,43.687999,-79.38906,,Rosehill Ave / Avoca Ave,16,False,"['key', 'transitcard', 'phone']","['North', 'Mid Town']",437-992-6053,437-992-6053,1000.0,True,{},,,,
7281,f8c0d796-e9c7-11ef-984e-124c66246c7d,Charles St W / Balmuto St - SMART,SMARTMAPFRAME,43.668427,-79.38725,,Charles St W / Balmuto St,24,False,"['key', 'transitcard', 'phone']","['North', 'Church Wellesley / Yorkville']",437-992-2844,437-992-2844,1000.0,True,{},,,,
7282,f8c0da23-e9c7-11ef-984e-124c66246c7d,Adelaide St W / Bay St,VAULT,43.650152,-79.379856,,Adelaide St W / Bay St,23,False,"['key', 'transitcard', 'phone']","['Valet Stations', 'South', 'Financial District']",437-992-6479,437-992-6479,1000.0,True,{},,False,,
7283,f8c0df0b-e9c7-11ef-984e-124c66246c7d,Front St W / Bay St (South Side),REGULAR,43.64595,-79.378761,,Front St W / Bay St (South Side),19,False,"['key', 'transitcard', 'creditcard', 'phone']","['Valet Stations', 'South', 'Financial District']",647-388-9361,647-388-9361,1000.0,True,{},,False,,
7284,f8c0e18d-e9c7-11ef-984e-124c66246c7d,University Ave / King St W - SMART,SMARTMAPFRAME,43.6477785,-79.3847928,,University Ave / King St W,24,False,"['key', 'transitcard', 'phone']","['South', 'Financial District']",437-992-4749,437-992-4749,1000.0,True,{},M5H 1J9,,,
7285,f8c0e3f5-e9c7-11ef-984e-124c66246c7d,Spadina Ave / Harbord St - SMART,SMARTMAPFRAME,43.6629228,-79.4018451,,Spadina Ave / Harbord St,36,False,"['key', 'transitcard', 'phone']","['South', 'U of T - Hospital Row']",437-992-6585,437-992-6585,1000.0,True,{},,,,
7286,f8c0e634-e9c7-11ef-984e-124c66246c7d,Gerrard St E / Broadview Ave  - SMART,SMARTMAPFRAME,43.665656,-79.352055,,Gerrard St E / Broadview,18,False,"['key', 'transitcard', 'phone']","['East', 'Leslieville - Woodbine']",437-992-0777,437-992-0777,1000.0,True,{},,,,
7287,f8c0ee5e-e9c7-11ef-984e-124c66246c7d,Queen St E / Pape Ave - SMART,SMARTMAPFRAME,43.661673,-79.337789,,Queen St E / Pape Ave,15,False,"['key', 'transitcard', 'phone']","['East', 'Leslieville - Woodbine']",437-992-0758,437-992-0758,1000.0,True,{},,,,
7288,f8c0f138-e9c7-11ef-984e-124c66246c7d,Humber Bay Shores Park West,REGULAR,43.6224434,-79.480284,0.0,Humber Bay Shores Park West,30,False,"['key', 'transitcard', 'creditcard', 'phone']","['West', 'Humber Bay Shores']",647-643-9762,647-643-9762,1000.0,True,{},,,,
7289,f8c0f7f7-e9c7-11ef-984e-124c66246c7d,Humber Bay Shores Park East,REGULAR,43.6308933,-79.4722622,0.0,Humber Bay Shores Park East,23,False,"['key', 'transitcard', 'creditcard', 'phone']","['West', 'Humber Bay Shores']",647-643-9740,647-643-9740,1000.0,True,{},,,,
7291,f8c17595-e9c7-11ef-984e-124c66246c7d,190 Queens Quay E,REGULAR,43.64542671204133,-79.36520838800558,,Lake Shore Blvd E / Parliament St,15,False,"['key', 'transitcard', 'creditcard', 'phone']","['East', 'Watefront']",437-770-9931,437-770-9931,1000.0,True,{},M5A 1B6,,,
7292,f8c17913-e9c7-11ef-984e-124c66246c7d,Granby St / Church St - SMART,SMARTMAPFRAME,43.6614605,-79.37894570000002,,Granby St / Church St -SMART,24,False,"['key', 'transitcard', 'phone']","['South', 'Church Wellesley / Yorkville']",647-309-0035,647-309-0035,1000.0,True,{},M5B 1J1,,,
7296,f8c19464-e9c7-11ef-984e-124c66246c7d,Westmoreland Ave / Fernbank Ave,REGULAR,43.665327,-79.43235,,Westmoreland Ave / Fernbank Ave,19,False,"['key', 'transitcard', 'creditcard', 'phone']","['West', 'Annex Efit drop off', 'Davenport - Dupont']",437-771-6958,437-771-6958,1000.0,True,{},,,,
7297,f8c19b76-e9c7-11ef-984e-124c66246c7d,Havelock St / Dufferin Park,REGULAR,43.657343,-79.43112,,Havelock St / Dufferin Park,19,False,"['key', 'transitcard', 'creditcard', 'phone']","['West', 'College St - Harbord St']",437-772-3680,437-772-3680,1000.0,True,{},,,,
7298,f8c1a208-e9c7-11ef-984e-124c66246c7d,Bathurst St / Adelaide St W,REGULAR,43.645324,-79.40345,,Bathurst St / Adelaide St W,25,False,"['key', 'transitcard', 'creditcard', 'phone']","['South', 'Fort York - Entertainment District']",437-776-9943,437-776-9943,1000.0,True,{},,,,
7299,f8c1a7e7-e9c7-11ef-984e-124c66246c7d,Mill St / Parliament St,REGULAR,43.650256,-79.36163,,Mill St / Parliament St,15,False,"['key', 'transitcard', 'creditcard', 'phone']","['East', 'Regent Park - Distillery']",437-922-8965,437-922-8965,1000.0,True,{},,,,
7301,f8c1b7f5-e9c7-11ef-984e-124c66246c7d,Primrose Ave / Davenport Rd,REGULAR,43.67142,-79.445947,,Primrose Ave / Davenport Rd,15,False,"['key', 'transitcard', 'creditcard', 'phone']","['West', 'Davenport - Dupont']",437-928-7044,437-928-7044,1000.0,True,{},,,,
7302,f8c1c329-e9c7-11ef-984e-124c66246c7d,Winona Dr / Davenport Rd,REGULAR,43.674923,-79.430465,,Winona Dr / Davenport Rd,11,False,"['key', 'transitcard', 'creditcard', 'phone']","['West', 'Davenport - Dupont']",647-308-8067,647-308-8067,1000.0,True,{},,,,
7303,f8c1c68a-e9c7-11ef-984e-124c66246c7d,Queen St E / Woodward Ave,REGULAR,43.665269,-79.319796,,Queen St E / Woodward Ave,43,False,"['key', 'transitcard', 'creditcard', 'phone']","['East', 'Leslieville - Woodbine']",437-990-2838,437-990-2838,1000.0,True,{},,,,
7309,f8c1c930-e9c7-11ef-984e-124c66246c7d,Queen St E / Rhodes Ave,REGULAR,43.666224,-79.317693,,Queen St. E / Rhodes Ave.,23,False,"['key', 'transitcard', 'creditcard', 'phone']","['East', 'Leslieville - Woodbine']",647-308-0520,647-308-0520,1000.0,True,{},,,,
7311,f8c1cbd4-e9c7-11ef-984e-124c66246c7d,Sherbourne St / Isabella St,REGULAR,43.669576,-79.375961,,Sherbourne St / Isabella St,19,False,"['key', 'transitcard', 'creditcard', 'phone']","['East', 'Church Wellesley / Yorkville']",437-991-5923,437-991-5923,1000.0,True,{},,,,
7312,f8c1ce23-e9c7-11ef-984e-124c66246c7d,Amelia St / Sumach St,REGULAR,43.66852,-79.363525,,Amelia St. / Sumach St.,11,False,"['key', 'transitcard', 'creditcard', 'phone']","['East', 'Church Wellesley / Yorkville']",437-991-7841,437-991-7841,1000.0,True,{},,,,
7313,f8c1d0a5-e9c7-11ef-984e-124c66246c7d,Emdaabiimok Ave / Lake Shore Blvd E,REGULAR,43.662771,-79.315223,,1420 Lake Shore Blvd E,29,False,"['key', 'transitcard', 'creditcard', 'phone']","['East', 'Leslieville - Woodbine']",437-994-6254,437-994-6254,1000.0,True,{},,,,
7314,f8c1d2f8-e9c7-11ef-984e-124c66246c7d,Queen St. E / Eastern Ave,REGULAR,43.667208,-79.312315,,Queen St E / Eastern Ave,15,False,"['key', 'transitcard', 'creditcard', 'phone']","['East', 'Leslieville - Woodbine']",437-995-6804,437-995-6804,1000.0,True,{},,,,
7315,f8c1d583-e9c7-11ef-984e-124c66246c7d,Queen St E / Hammersmith Ave,REGULAR,43.671349,-79.29451,,Queen St E / Hammersmith Ave,11,False,"['key', 'transitcard', 'creditcard', 'phone']","['East', 'Leslieville - Woodbine']",437-995-8093,437-995-8093,1000.0,True,{},,,,
7316,f8c1d837-e9c7-11ef-984e-124c66246c7d,Queen St. E / Spruce Hill Rd.,REGULAR,43.672571,-79.289,,Queen St. E / Spruce Hill Rd.,15,False,"['key', 'transitcard', 'creditcard', 'phone']","['East', 'Leslieville - Woodbine']",437-997-7187,437-997-7187,1000.0,True,{},,,,
7317,f8c1da9d-e9c7-11ef-984e-124c66246c7d,Hubbard Blvd / Balsam Av,REGULAR,43.669328,-79.288949,,Hubbard Blvd / Balsam Av,39,False,"['key', 'transitcard', 'creditcard', 'phone']","['East', 'Leslieville - Woodbine']",437-999-2694,437-999-2694,1000.0,True,{},,,,
7318,f8c1dcdb-e9c7-11ef-984e-124c66246c7d,Hubbard Blvd / Glen Manor Dr,REGULAR,43.668633,-79.291162,,Hubbard Blvd. / Glen Manor Dr.,27,False,"['key', 'transitcard', 'creditcard', 'phone']","['East', 'Leslieville - Woodbine']",647-283-9121,647-283-9121,1000.0,True,{},,,,
7319,f8c1dfcb-e9c7-11ef-984e-124c66246c7d,Lake Shore Blvd E / Knox Ave,REGULAR,43.660206,-79.3244,,Lake Shore Blvd E / Knox Ave,11,False,"['key', 'transitcard', 'creditcard', 'phone']","['East', 'Leslieville - Woodbine']",647-286-6124,647-286-6124,1000.0,True,{},,,,
7320,f8c1e233-e9c7-11ef-984e-124c66246c7d,Front St W / University Ave (1),REGULAR,43.6451635,-79.3831757,,Front St W / University Ave (1),19,False,"['key', 'transitcard', 'creditcard', 'phone']","['South', 'Financial District']",647-291-7762,647-291-7762,1000.0,True,{},,,,
7321,f8c1e4cf-e9c7-11ef-984e-124c66246c7d,Front St W / University Ave (2),REGULAR,43.6452972,-79.3827914,,Front St W / University Ave (2),19,False,"['key', 'transitcard', 'creditcard', 'phone']","['South', 'Financial District']",647-292-3168,647-292-3168,1000.0,True,{},,,,
7322,f8c1e749-e9c7-11ef-984e-124c66246c7d,East Liberty St / Western Battery Rd,REGULAR,43.6392777,-79.4115736,,E Liberty St / Western Battery Rd,19,False,"['key', 'transitcard', 'creditcard', 'phone']","['West', 'Liberty Village - Queen West']",647-289-6923,647-289-6923,1000.0,True,{},M6K 3P3,,,
7323,f8c1e9c0-e9c7-11ef-984e-124c66246c7d,457 King St W,VAULT,43.6452091,-79.3960744,,457 King St W.,19,False,"['key', 'transitcard', 'phone']","['South', 'Fort York - Entertainment District']",416-726-2897,416-726-2897,1000.0,True,{},,,,
7324,f8c1ec89-e9c7-11ef-984e-124c66246c7d,King St W / Charlotte St,REGULAR,43.645572,-79.39399,,King St W / Charlotte St,23,False,"['key', 'transitcard', 'creditcard', 'phone']","['South', 'Fort York - Entertainment District']",647-297-6118,647-297-6118,1000.0,True,{},,,,
7326,f8c1f1fc-e9c7-11ef-984e-124c66246c7d,Davenport Rd / Lansdowne Ave,REGULAR,43.671526,-79.44874,,Davenport Rd / Landsdowne Rd,19,False,"['key', 'transitcard', 'creditcard', 'phone']","['West', 'Davenport - Dupont']",647-308-7857,647-308-7857,1000.0,True,{},,,,
7329,f8c1fbd9-e9c7-11ef-984e-124c66246c7d,Crawford St / Queen St W,REGULAR,43.645665,-79.415345,,Crawford St / Queen St W,19,False,"['key', 'transitcard', 'creditcard', 'phone']","['West', 'Liberty Village - Queen West']",647-328-3562,647-328-3562,1000.0,True,{},,,,
7331,f8c20206-e9c7-11ef-984e-124c66246c7d,Coxwell Ave / Plains Rd,REGULAR,43.69595,-79.328535,,Coxwell Ave / Plains Rd,19,False,"['key', 'transitcard', 'creditcard', 'phone']","['East', 'Danforth']",647-338-3505,647-338-3505,1000.0,True,{},,,,
7332,f8c20578-e9c7-11ef-984e-124c66246c7d,200 Bloor St E,REGULAR,43.671561,-79.38117,,200 Bloor St. E.,23,False,"['key', 'transitcard', 'creditcard', 'phone']","['East', 'Church Wellesley / Yorkville']",647-669-3468,647-669-3468,1000.0,True,{},,,,
7333,f8c208e6-e9c7-11ef-984e-124c66246c7d,King St E / Victoria St,REGULAR,43.6495789,-79.3762096,,King St E / Victoria St,19,False,"['key', 'transitcard', 'creditcard', 'phone']","['South', 'Financial District']",647-339-5578,647-339-5578,1000.0,True,{},A1a1a1,,,
7334,f8c20bda-e9c7-11ef-984e-124c66246c7d,Simcoe St / Wellington St W (North),REGULAR,43.646460210460226,-79.38557721964341,,Simcoe St / Wellington St 2,15,False,"['key', 'transitcard', 'creditcard', 'phone']","['South', 'Financial District']",647-400-0149,647-400-0149,1000.0,True,{},,,,
7335,f8c21048-e9c7-11ef-984e-124c66246c7d,Bay St / Bloor St W (West Side),REGULAR,43.669244,-79.3894,,1188 Bay St,19,False,"['key', 'transitcard', 'creditcard', 'phone']","['North', 'Church Wellesley / Yorkville']",647-719-3074,647-719-3074,1000.0,True,{},M6H1a1,,,
7336,f8c21360-e9c7-11ef-984e-124c66246c7d,Queen St E / Alton Av,REGULAR,43.663912,-79.327987,,Queen St E / Alton Av,19,False,"['key', 'transitcard', 'creditcard', 'phone']","['East', 'Leslieville - Woodbine']",647-402-6382,647-402-6382,1000.0,True,{},,,,
7337,f8c2164e-e9c7-11ef-984e-124c66246c7d,Gerrard Square Mall (1010 Gerrard St E),REGULAR,43.668553,-79.338673,,Gerrard Square Mall (1010 Gerrard St E),23,False,"['key', 'transitcard', 'creditcard', 'phone']","['East', 'Leslieville - Woodbine']",647-404-3197,647-404-3197,1000.0,True,{},,,,
7338,f8c21958-e9c7-11ef-984e-124c66246c7d,Logan Ave / Bain Ave,REGULAR,43.6720273,-79.3470557,,Logan Ave / Bain Ave,19,False,"['key', 'transitcard', 'creditcard', 'phone']","['East', 'Leslieville - Woodbine']",647-404-6830,647-404-6830,1000.0,True,{},,,,
7339,f8c21c2e-e9c7-11ef-984e-124c66246c7d,Carlaw Ave / Strathcona Ave,REGULAR,43.6753188,-79.3462789,,Carlaw Ave / Strathcona Ave,15,False,"['key', 'transitcard', 'creditcard', 'phone']","['East', 'Danforth']",647-407-3193,647-407-3193,1000.0,True,{},,,,
7340,f8c21e93-e9c7-11ef-984e-124c66246c7d,Blake St / Boultbee Ave,REGULAR,43.672453,-79.338259,,Blake St / Boultbee Ave,15,False,"['key', 'transitcard', 'creditcard', 'phone']","['East', 'Leslieville - Woodbine']",647-408-4316,647-408-4316,1000.0,True,{},,,,
7341,f8c2220d-e9c7-11ef-984e-124c66246c7d,Eastern Ave / Winnifred Ave,REGULAR,43.6592088,-79.3348396,0.0,Eastern Ave / Winnifred Ave,15,False,"['key', 'transitcard', 'creditcard', 'phone']","['East', 'Leslieville - Woodbine']",647-500-1782,647-500-1782,1000.0,True,{},,,,
7342,f8c2256a-e9c7-11ef-984e-124c66246c7d,Morse St / Eastern Ave,REGULAR,43.657991,-79.340075,,Morse St / Eastern Ave,11,False,"['key', 'transitcard', 'creditcard', 'phone']","['East', 'Leslieville - Woodbine']",647-449-8038,647-449-8038,1000.0,True,{},,,,
7343,f8c227f7-e9c7-11ef-984e-124c66246c7d,Alton Ave / Dundas St E (Greenwood Park),REGULAR,43.66745,-79.329408,,Alton Ave / Dundas St E (Greenwood Park),43,False,"['key', 'transitcard', 'creditcard', 'phone']","['East', 'Leslieville - Woodbine']",647-449-0293,647-449-0293,1000.0,True,{},,,,
7344,f8c22a67-e9c7-11ef-984e-124c66246c7d,Cherry Beach,REGULAR,43.637764,-79.345359,,Cherry Beach,49,False,"['key', 'transitcard', 'creditcard', 'phone']","['East', 'Watefront']",647-501-9648,647-501-9648,1000.0,True,{},,,,
7345,f8c22cbe-e9c7-11ef-984e-124c66246c7d,Cherry Beach Sports Fields (55 Unwin Ave),REGULAR,43.6408346,-79.3429074,,Cherry Beach Sports Field (55 Unwin Ave),30,False,"['key', 'transitcard', 'creditcard', 'phone']","['East', 'Watefront']",647-504-2481,647-504-2481,1000.0,True,{},M5A 1A3,,,
7346,f8c22f1a-e9c7-11ef-984e-124c66246c7d,Logan Ave / Gerrard St E,REGULAR,43.6672144,-79.3452697,,Logan Av / Gerrard St E,23,False,"['key', 'transitcard', 'creditcard', 'phone']","['East', 'Leslieville - Woodbine']",647-504-9664,647-504-9664,1000.0,True,{},,,,
7347,f8c2319f-e9c7-11ef-984e-124c66246c7d,Regal Rd / Dufferin St,REGULAR,43.673939,-79.441159,,Regal Rd / Dufferin St,15,False,"['key', 'transitcard', 'creditcard', 'phone']","['West', 'Davenport - Dupont']",647-530-4259,647-530-4259,1000.0,True,{},,,,
7348,f8c233f7-e9c7-11ef-984e-124c66246c7d,Pape Ave / Gamble Ave,REGULAR,43.690237,-79.350119,,Pape Ave / Gamble Ave,19,False,"['key', 'transitcard', 'creditcard', 'phone']","['East', 'Danforth']",647-530-8374,647-530-8374,1000.0,True,{},,,,
7349,f8c2363f-e9c7-11ef-984e-124c66246c7d,Gamble Ave / Broadview Ave,REGULAR,43.689211,-79.35438,,Gamble Ave / Broadview Ave,23,False,"['key', 'transitcard', 'creditcard', 'phone']","['East', 'Danforth']",437-688-6110,437-688-6110,1000.0,True,{},,,,
7350,f8c238c6-e9c7-11ef-984e-124c66246c7d,Broadview Ave / Westwood Ave,REGULAR,43.6848652,-79.356602,,Broadview Ave/ Westwood Ave,23,False,"['key', 'transitcard', 'creditcard', 'phone']","['East', 'Danforth']",647-502-7565,647-502-7565,1000.0,True,{},,,,
7351,f8c23b8f-e9c7-11ef-984e-124c66246c7d,Pretoria Ave / Broadview Ave,REGULAR,43.6783213,-79.35822,,Pretoria Av / Broadview Av,19,False,"['key', 'transitcard', 'creditcard', 'phone']","['East', 'Danforth']",647-537-6941,647-537-6941,1000.0,True,{},,,,
7352,f8c23e07-e9c7-11ef-984e-124c66246c7d,Cosburn Ave / Donlands Ave,REGULAR,43.690537,-79.341307,,Cosburn Ave / Donlands Ave,19,False,"['key', 'transitcard', 'creditcard', 'phone']","['East', 'Danforth']",647-620-2577,647-620-2577,1000.0,True,{},,,,
7353,f8c24065-e9c7-11ef-984e-124c66246c7d,Fulton Ave / Pape Ave,REGULAR,43.68395,-79.347046,,Fulton Ave / Pape Ave,19,False,"['key', 'transitcard', 'creditcard', 'phone']","['East', 'Danforth']",647-719-4165,647-719-4165,1000.0,True,{},,,,
7354,f8c242bb-e9c7-11ef-984e-124c66246c7d,Tommy Thompson Park (Leslie Street Spit),REGULAR,43.65222662225532,-79.32295440954084,,Tommy Thompson Park (Leslie Street Spit),31,False,"['key', 'transitcard', 'creditcard', 'phone']","['East', 'Leslieville - Woodbine']",W14-Tommy Thompson Park  - Parking Lot,W14-Tommy Thompson Park  - Parking Lot,16093.4,True,{},M8Z4T4,,,
7355,f8c24523-e9c7-11ef-984e-124c66246c7d,Beltline Trail / Chaplin Cres,REGULAR,43.704461,-79.423122,,Beltline Trail / Chaplin Cres.,11,False,"['key', 'transitcard', 'creditcard', 'phone']","['North', 'Eglinton Ave W']",647-621-3920,647-621-3920,1000.0,True,{},,,,
7356,f8c247ae-e9c7-11ef-984e-124c66246c7d,King St E / Berkeley St,VAULT,43.651885,-79.3649,,King St E / Ontario St.,31,False,"['key', 'transitcard', 'phone']","['East', 'Regent Park - Distillery']",647-622-7822,647-622-7822,1000.0,True,{},,,,
7357,f8c249f3-e9c7-11ef-984e-124c66246c7d,Lake Shore Blvd E / Leslie St,REGULAR,43.659195,-79.329196,,Lake Shore Blvd E / Leslie St,19,False,"['key', 'transitcard', 'creditcard', 'phone']","['East', 'Leslieville - Woodbine']",647-621-7986,647-621-7986,1000.0,True,{},,,,
7358,f8c24c81-e9c7-11ef-984e-124c66246c7d,Galbraith Rd / King's College Rd,VAULT,43.6603874468082,-79.39537831814152,,Galbraith Rd / King's College Rd,17,False,"['key', 'transitcard', 'phone']","['North', 'U of T - Hospital Row']",1113,1113,1000.0,True,{},M5S,,Galbraith Rd / King's College Rd,
7359,f8c24f1d-e9c7-11ef-984e-124c66246c7d,Rosedale Park (20 Scholfield Ave),REGULAR,43.682645,-79.377557,,Rosedale Park (20 Schofield Ave),23,False,"['key', 'transitcard', 'creditcard', 'phone']","['East', 'Davenport - Dupont']",647-627-7470,647-627-7470,1000.0,True,{},,,,
7360,f8c251ac-e9c7-11ef-984e-124c66246c7d,Concord Ave / Dewson St,REGULAR,43.656945,-79.424911,,Concord Av / Dewson St,17,False,"['key', 'transitcard', 'creditcard', 'phone']","['West', 'College St - Harbord St']",647-632-1495,647-632-1495,1000.0,True,{},,,,
7361,f8c2540a-e9c7-11ef-984e-124c66246c7d,Hocken Ave / Vaughan Rd,REGULAR,43.6817346,-79.4184725,,Hocken Ave./Vaughan Rd.,19,False,"['key', 'transitcard', 'creditcard', 'phone']","['North', 'St Clair Ave W']",647-632-3844,647-632-3844,1000.0,True,{},,,,
7362,f8c2566b-e9c7-11ef-984e-124c66246c7d,St. Clair Ave W / Bathurst St,REGULAR,43.683296,-79.418734,,St Clair Ave W / Bathurst St.,19,False,"['key', 'transitcard', 'creditcard', 'phone']","['North', 'St Clair Ave W']",647-631-4703,647-631-4703,1000.0,True,{},,,,
7363,f8c25aee-e9c7-11ef-984e-124c66246c7d,Wells Hill Ave / St. Clair Ave W,REGULAR,43.683351,-79.41562,,Wells Hill Ave / St Clair Ave W,15,False,"['key', 'transitcard', 'creditcard', 'phone']","['North', 'St Clair Ave W']",647-632-4134,647-632-4134,1000.0,True,{},,,,
7364,f8c25d68-e9c7-11ef-984e-124c66246c7d,Queen St E / Nursewood Rd,REGULAR,43.673831,-79.281455,,Queen St E / Nursewood Rd (Neville Park Loop),35,False,"['key', 'transitcard', 'creditcard', 'phone']","['East', 'Leslieville - Woodbine']",647-638-6254,647-638-6254,1000.0,True,{},,,,
7365,f8c25fb9-e9c7-11ef-984e-124c66246c7d,Kewbeach Ave / Kenilworth Ave,REGULAR,43.666325,-79.3014,,Kew Beach Ave / Kenilworth Ave,61,False,"['key', 'transitcard', 'creditcard', 'phone']","['East', 'Leslieville - Woodbine']",647-640-6506,647-640-6506,1000.0,True,{},,,,
7366,f8c2626d-e9c7-11ef-984e-124c66246c7d,Fort York Blvd / Bathurst St - SMART,SMARTMAPFRAME,43.639052,-79.399792,,Fort York Blvd / Bathurst St SMART,20,False,"['key', 'transitcard', 'phone']","['South', 'Fort York - Entertainment District']",647-640-6519,647-640-6519,1000.0,True,{},,,,
7367,f8c269a3-e9c7-11ef-984e-124c66246c7d,Alma Ave / Gladstone Ave SMART,SMARTMAPFRAME,43.6448617,-79.42822,,Alma Ave / Gladstone Ave SMART,16,False,"['key', 'transitcard', 'phone']","['West', 'Liberty Village - Queen West']",647-642-3920,647-642-3920,1000.0,True,{},,,,
7368,f8c26c1f-e9c7-11ef-984e-124c66246c7d,Lisgar St / Dundas St W - SMART,SMARTMAPFRAME,43.6493472,-79.42668,,Lisgar St / Dundas St SMART,8,False,"['key', 'transitcard', 'phone']","['West', 'College St - Harbord St']",647-646-6416,647-646-6416,1000.0,True,{},,,,
7371,f8c27514-e9c7-11ef-984e-124c66246c7d,Eglinton Ave W / Henning Ave SMART,SMARTMAPFRAME,43.7063473,-79.40161,,Eglinton Ave W / Henning Ave SMART,20,False,"['key', 'transitcard', 'phone']","['North', 'Mid Town']",647-640-6538,647-640-6538,1000.0,True,{},,,,
7373,f8c28316-e9c7-11ef-984e-124c66246c7d,George St / King St E,REGULAR,43.6509552,-79.3707,,George St / King St E,15,False,"['key', 'transitcard', 'creditcard', 'phone']","['East', 'Regent Park - Distillery']",647-646-9532,647-646-9532,1000.0,True,{},,,,
7374,f8c29b0c-e9c7-11ef-984e-124c66246c7d,Frederick St / The Esplanade,REGULAR,43.6487245,-79.36839,,Frederick St / The Esplanade,19,False,"['key', 'transitcard', 'creditcard', 'phone']","['East', 'Regent Park - Distillery']",647-710-2519,647-710-2519,1000.0,True,{},,,,
7375,f8c2a272-e9c7-11ef-984e-124c66246c7d,Front St E / Scott St,REGULAR,43.6476616,-79.37549,,Front St E / Scott St,11,False,"['key', 'transitcard', 'creditcard', 'phone']","['South', 'Financial District']",647-718-7245,647-718-7245,1000.0,True,{},,,,
7376,f8c2a973-e9c7-11ef-984e-124c66246c7d,Frobisher Ave / Lascelles Blvd,REGULAR,43.696708,-79.40045,,Frobisher Ave / Lascelles Blvd,19,False,"['key', 'transitcard', 'creditcard', 'phone']","['North', 'Mid Town']",647-719-1504,647-719-1504,1000.0,True,{},,,,
7377,f8c2b2c6-e9c7-11ef-984e-124c66246c7d,Balliol St / Yonge St - SMART,SMARTMAPFRAME,43.6978701,-79.39419,,Balliol St / Yonge St - SMART,36,False,"['key', 'transitcard', 'phone']","['North', 'Mid Town']",647-719-2731,647-719-2731,1000.0,True,{},,,,
7378,f8c2ba3d-e9c7-11ef-984e-124c66246c7d,Yonge St / Davisville Ave,REGULAR,43.6975969,-79.39654,,Yonge St / Davisville Ave,15,False,"['key', 'transitcard', 'creditcard', 'phone']","['North', 'Mid Town']",647-719-3185,647-719-3185,1000.0,True,{},,,,
7379,f8c2c596-e9c7-11ef-984e-124c66246c7d,Lawton Blvd / Yonge St,REGULAR,43.6910667,-79.39535,,Lawton Blvd / Yonge St,15,False,"['key', 'transitcard', 'creditcard', 'phone']","['North', 'Mid Town']",437-688-9410,437-688-9410,1000.0,True,{},,,,
7380,f8c2c81a-e9c7-11ef-984e-124c66246c7d,Erskine Ave / Yonge St SMART,SMARTMAPFRAME,43.7112153,-79.39894,,Erskine Ave / Yonge St SMART,16,False,"['key', 'transitcard', 'phone']","['North', 'Mid Town']",437-992-5714,437-992-5714,1000.0,True,{},,,,
7381,f8c2ca7f-e9c7-11ef-984e-124c66246c7d,Yonge St / Orchard View Blvd,REGULAR,43.7083577,-79.39886200000001,,Roehampton Ave / Yonge St,35,False,"['key', 'transitcard', 'creditcard', 'phone']","['North', 'Mid Town']",437-688-8762,437-688-8762,1000.0,True,{},M4P 2E6,,,
7382,f8c2ccd4-e9c7-11ef-984e-124c66246c7d,Simcoe St / Adelaide St W,VAULT,43.6481303,-79.38632,,Simcoe St / Adelaide St W,27,False,"['key', 'transitcard', 'phone']","['South', 'Financial District']",437-688-7395,437-688-7395,1000.0,True,{},,,,
7383,f8c2cfb7-e9c7-11ef-984e-124c66246c7d,12 Harbour St,REGULAR,43.6425636,-79.3762,,12 Harbour St,15,False,"['key', 'transitcard', 'creditcard', 'phone']","['South', 'Watefront']",437-688-7570,437-688-7570,1000.0,True,{},,,,
7384,f8c2d346-e9c7-11ef-984e-124c66246c7d,Cumberland St / Bay St -  SMART,SMARTMAPFRAME,43.6704537,-79.39014,,Cumberland Ave / Bay St,9,False,"['key', 'transitcard', 'phone']","['North', 'Church Wellesley / Yorkville']",437-688-7658,437-688-7658,1000.0,True,{},,,,
7385,f8c2d630-e9c7-11ef-984e-124c66246c7d,20 Charles St E,ELECTRICBIKESTATION,43.6691099,-79.38551,,20 Charles St E,33,True,"['key', 'transitcard', 'creditcard', 'phone']","['E-Charging ', 'North', 'Church Wellesley / Yorkville']",437-688-7596,437-688-7596,1000.0,True,{},,,,
7386,f8c2d8b9-e9c7-11ef-984e-124c66246c7d,D'Arcy St / McCaul St - SMART,SMARTMAPFRAME,43.655227,-79.39201,,"D'Arcy St, /McCaul St. SMART",15,False,"['key', 'transitcard', 'phone']","['South', 'U of T - Hospital Row']",647-719-3738,647-719-3738,1000.0,True,{},,,,
7387,f8c2db6a-e9c7-11ef-984e-124c66246c7d,Mortimer Ave / Carlaw Ave SMART,SMARTMAPFRAME,43.685167,-79.34962,,Mortimer Ave / Carlaw Ave SMART,12,False,"['key', 'transitcard', 'phone']","['East', 'Danforth']",647-271-5899,647-271-5899,1000.0,True,{},,,,
7388,f8c2dde9-e9c7-11ef-984e-124c66246c7d,Broadview Subway Station,REGULAR,43.6772,-79.35858,,Broadview Ave / Danforth Ave,15,False,"['key', 'transitcard', 'creditcard', 'phone']","['East', 'Danforth']",437-688-7724,437-688-7724,1000.0,True,{},,False,,
7389,f8c2e068-e9c7-11ef-984e-124c66246c7d,College Park - Gerrard Entrance,REGULAR,43.658938,-79.383518,0.0,College Park- Gerrard Entrance,25,False,"['key', 'transitcard', 'creditcard', 'phone']","['South', 'U of T - Hospital Row']",437-688-7824,437-688-7824,1000.0,True,{},,,,
7391,f8c2e562-e9c7-11ef-984e-124c66246c7d,Yonge St / Dundas Sq,REGULAR,43.655766,-79.3802,,Yonge St / Dundas Sq,31,False,"['key', 'transitcard', 'creditcard', 'phone']","['South', 'Financial District']",437-688-7962,437-688-7962,1000.0,True,{},,,Yonge St / Dundas Sq,
7395,f8c2f01a-e9c7-11ef-984e-124c66246c7d,Dentonia Park,REGULAR,43.694341,-79.291416,,Dentonia Park Station,23,False,"['key', 'transitcard', 'creditcard', 'phone']","['East', 'Danforth']",437-688-8093,437-688-8093,1609.34,True,{},J4G 29,,,
7398,f8c2f7b2-e9c7-11ef-984e-124c66246c7d,York St / Lake Shore Blvd W,REGULAR,43.641952,-79.380723,,York St / Lakeshore St W - South,19,False,"['key', 'transitcard', 'creditcard', 'phone']","['South', 'Watefront']",437-688-8725,437-688-8725,1609.34,True,{},M5J 0A3,,,
7399,f8c2fa34-e9c7-11ef-984e-124c66246c7d,Lower Jarvis St / Queens Quay E,REGULAR,43.64422,-79.36927,,Lower Jarvis / Queens Quay E,19,False,"['key', 'transitcard', 'creditcard', 'phone']","['East', 'Watefront']",416-277-0432,416-277-0432,1609.34,True,{},M5E 1Z2,,,
7400,f8c2fd4f-e9c7-11ef-984e-124c66246c7d,Polson Pier,REGULAR,43.641675,-79.354006,,Polson Pier,23,False,"['key', 'transitcard', 'creditcard', 'phone']","['East', 'Watefront']",437-688-8219,437-688-8219,1609.34,True,{},M5A 1A5,True,,Valet service at Polson Pier weekdays beginning at 5pm.
7403,f8c304db-e9c7-11ef-984e-124c66246c7d,Lascelles Blvd / Eglinton Ave W,REGULAR,43.70547,-79.40355,,Lascelles Blvd / Eglinton Ave W,19,False,"['key', 'transitcard', 'creditcard', 'phone']","['North', 'Mid Town']",416-301-4571,416-301-4571,1609.34,True,{},M4R 1A6,,,
7404,f8c307db-e9c7-11ef-984e-124c66246c7d,Roehampton Ave / Mount Pleasant Rd,REGULAR,43.70942,-79.39139,,Roehampton Ave / Mount Pleasant Rd,19,False,"['key', 'transitcard', 'creditcard', 'phone']","['North', 'Mid Town']",416-302-1740,416-302-1740,1609.34,True,{},M4P 1R6,,,
7407,f8c3189d-e9c7-11ef-984e-124c66246c7d,University Ave / Queen St W,REGULAR,43.65052424212547,-79.38672702579497,,250 University Ave ,23,False,"['key', 'transitcard', 'creditcard', 'phone']","['South', 'Financial District']",437-244-2537,437-244-2537,1609.34,True,{},M5H 2N5,,,
7409,f8c31ef7-e9c7-11ef-984e-124c66246c7d,Isabella St / Church St,REGULAR,43.66834,-79.38235,,Isabella St / Church St,27,False,"['key', 'transitcard', 'creditcard', 'phone']","['North', 'Church Wellesley / Yorkville']",437-688-8748,437-688-8748,1609.34,True,{},M4Y 1M9,,,
7410,f8c321f4-e9c7-11ef-984e-124c66246c7d,Howard St / Rose Ave,REGULAR,43.671278,-79.372127,,Howard St / Ontario St,19,False,"['key', 'transitcard', 'creditcard', 'phone']","['East', 'Church Wellesley / Yorkville']",416-275-2509,416-275-2509,1609.34,True,{},M4X 1J9,,,
7411,f8c32563-e9c7-11ef-984e-124c66246c7d,Little Norway Park,REGULAR,43.635023,-79.399505,,Little Norway Park,23,False,"['key', 'transitcard', 'creditcard', 'phone']","['South', 'Watefront']",416-294-9839,416-294-9839,1609.34,True,{},M5V 2Y9,,,
7412,f8c328ae-e9c7-11ef-984e-124c66246c7d,King St W / Crawford St,REGULAR,43.6417852,-79.4131148,,King St W / Crawford St ,23,False,"['key', 'transitcard', 'creditcard', 'phone']","['West', 'Liberty Village - Queen West']",416-274-6829,416-274-6829,1609.34,True,{},M6K 3M5,,,
7414,f8c32f8a-e9c7-11ef-984e-124c66246c7d,Keele St / Annette St,REGULAR,43.66402,-79.46418,,Keele St / Annette St,15,False,"['key', 'transitcard', 'creditcard', 'phone']","['West', 'Bloor St W - High Park']",416-294-0509,416-294-0509,1609.34,True,{},M6P 2K9,,,
7415,f8c332aa-e9c7-11ef-984e-124c66246c7d,Keele St / Vine Ave,REGULAR,43.66686,-79.46526,,Keele St / Vine Ave,23,False,"['key', 'transitcard', 'creditcard', 'phone']","['West', 'Bloor St W - High Park']",416-276-9729,416-276-9729,1609.34,True,{},M6P 3K2,,,
7416,f8c33596-e9c7-11ef-984e-124c66246c7d,Spadina Ave / Blue Jays Way,VAULT,43.641705,-79.393295,,Spadina Ave / Blue Jays Way,31,False,"['key', 'transitcard', 'phone']","['South', 'Fort York - Entertainment District']",437-688-3096,437-688-3096,1609.34,True,{},M5V 0L7,,,
7417,f8c3388b-e9c7-11ef-984e-124c66246c7d,King St W / Jordan St,VAULT,43.648928,-79.378623,,King St / Jordan St,11,False,"['key', 'transitcard', 'phone']","['South', 'Financial District']",437-992-6768,437-992-6768,1609.34,True,{},M5H 1C3,,,
7418,f8c33b86-e9c7-11ef-984e-124c66246c7d,College Park - Yonge St Entrance,REGULAR,43.65988,-79.38279,,College Park - Yonge Entrance,25,False,"['key', 'transitcard', 'creditcard', 'phone']","['South', 'U of T - Hospital Row']",437-244-2552,437-244-2552,1609.34,True,{},M5B 2H4,,,
7419,f8c33e6b-e9c7-11ef-984e-124c66246c7d,Bloor St W / Huron St,REGULAR,43.667023,-79.401805,,Bloor St W / Huron St,27,False,"['key', 'transitcard', 'creditcard', 'phone']",['Bloor St W / Annex'],437-992-6671,437-992-6671,1609.34,True,{},M5S 2R7,,,
7420,f8c34155-e9c7-11ef-984e-124c66246c7d,Barton Ave / Howland Ave - SMART,SMARTMAPFRAME,43.66842,-79.410585,,Barton St / Howland St - SMART,27,False,"['key', 'transitcard', 'phone']","['North', 'Bloor St W / Annex']",437-243-6447,437-243-6447,1609.34,True,{},M5R 3B5,,,
7422,f8c34652-e9c7-11ef-984e-124c66246c7d,Tyndall Ave / King St W - SMART,SMARTMAPFRAME,43.638426,-79.429142,,Tyndall Ave / King St W - SMART,16,False,"['key', 'transitcard', 'phone']","['West', 'Liberty Village - Queen West']",437-243-6484,437-243-6484,1609.34,True,{},M6K 2E2,,,
7424,f8c34c63-e9c7-11ef-984e-124c66246c7d,Merton St / Mount Pleasant Rd,VAULT,43.697588,-79.388998,0.0,Merton St / Mount Pleasant Rd ,11,False,"['key', 'transitcard', 'phone']","['North', 'Mid Town']",416-272-9253,416-272-9253,1609.34,True,{},M4S 1A7,,,
7425,f8c34ed5-e9c7-11ef-984e-124c66246c7d,The Queensway at South Kingsway,REGULAR,43.63632,-79.47307,,The Queensway at South Kingsway,23,False,"['key', 'transitcard', 'creditcard', 'phone']","['West', 'Humber Bay Shores']",416-274-4381,416-274-4381,1609.34,True,{},M6S 5B7,,,
7427,f8c353b4-e9c7-11ef-984e-124c66246c7d,Northern Dancer Blvd / Lake Shore Blvd E,REGULAR,43.663162,-79.309765,,Northern Dancer Blvd / Lake Shore Blvd E,41,False,"['key', 'transitcard', 'creditcard', 'phone']","['East', 'Leslieville - Woodbine']",437-243-6512,437-243-6512,1609.34,True,{},M4L 6T1,False,,
7428,f8c35637-e9c7-11ef-984e-124c66246c7d,Woodbine Ave / Lake Shore Blvd E,REGULAR,43.665645,-79.304711,,Woodbine Ave / Lake Shore Blvd E,43,False,"['key', 'transitcard', 'creditcard', 'phone']","['East', 'Leslieville - Woodbine']",437-243-9195,437-243-9195,1609.34,True,{},M4L 1B8,,,
7429,f8c35883-e9c7-11ef-984e-124c66246c7d,Woodbine Subway Station,REGULAR,43.686442,-79.313404,,Woodbine Subway Station,15,False,"['key', 'transitcard', 'creditcard', 'phone']","['East', 'Danforth']",416-272-3861,416-272-3861,1609.34,True,{},M4C 4C1,,,
7430,f8c35ac4-e9c7-11ef-984e-124c66246c7d,Marilyn Bell Park Tennis Court,REGULAR,43.633537,-79.437461,,Marilyn Bell Park Tennis Court,27,False,"['key', 'transitcard', 'creditcard', 'phone']","['West', 'Watefront']",416-271-4978,416-271-4978,1609.34,True,{},M6K 3C1,,,
7431,f8c35d56-e9c7-11ef-984e-124c66246c7d,Gerrard St E / Leslie St,REGULAR,43.669813,-79.3335,,Gerrard St E / Leslie St,25,False,"['key', 'transitcard', 'creditcard', 'phone']","['East', 'Leslieville - Woodbine']",437-243-9031,437-243-9031,1609.34,True,{},M4M 2A1,,,
7432,f8c35fe2-e9c7-11ef-984e-124c66246c7d,Frederick St / King St E,REGULAR,43.651118,-79.369411,,Frederick St / King St E,47,False,"['key', 'transitcard', 'creditcard', 'phone']","['East', 'Regent Park - Distillery']",437-688-8434,437-688-8434,1609.34,True,{},M5A 4L4,,,
7433,f8c362a5-e9c7-11ef-984e-124c66246c7d,Dundas St E / Boulton Ave - SMART,SMARTMAPFRAME,43.663148,-79.347938,,Dundas St E / Boulton Ave - SMART,15,False,"['key', 'transitcard', 'phone']","['East', 'Leslieville - Woodbine']",437-243-9272,437-243-9272,1609.34,True,{},M4M 2J6,,,
7434,f8c3653f-e9c7-11ef-984e-124c66246c7d,91 Via Italia,ELECTRICBIKESTATION,43.67665014253828,-79.44503029755326,,91 Via Italia,39,True,"['key', 'transitcard', 'creditcard', 'phone']","['E-Charging ', 'West', 'St Clair Ave W']",91 Via Italia  - EBS,91 Via Italia  - EBS,450.0,True,{},M6H 3S2,,Via Italia / Mackay Ave,
7435,f8c367ce-e9c7-11ef-984e-124c66246c7d,Rushton Rd / St. Clair Ave W,REGULAR,43.68114,-79.4277,,Rushton Rd / St Clair Ave,10,False,"['key', 'transitcard', 'creditcard', 'phone']","['West', 'St Clair Ave W']",647-448-3863,647-448-3863,1609.34,True,{},M6G 3J4,,,
7437,f8c36d40-e9c7-11ef-984e-124c66246c7d,Concord Ave / Bloor St W,REGULAR,43.66189,-79.42679,,Concord Ave / Bloor St W,15,False,"['key', 'transitcard', 'creditcard', 'phone']","['West', 'Annex Efit drop off', 'Bloor St W / Annex']",437-243-9475,437-243-9475,1609.34,True,{},M6H 1L1,,,
7438,f8c36fa3-e9c7-11ef-984e-124c66246c7d,Gothic Ave / Quebec Ave,REGULAR,43.65389,-79.4675,,High Park Subway,19,False,"['key', 'transitcard', 'creditcard', 'phone']","['West', 'Bloor St W - High Park']",416-278-4879,416-278-4879,1609.34,True,{},M6P 2V9,,,
7441,f8c379b8-e9c7-11ef-984e-124c66246c7d,Pacific Ave / Glenlake Ave,REGULAR,43.65716,-79.46478,,Pacific Ave / Glenlake Ave ,22,False,"['key', 'transitcard', 'creditcard', 'phone']",['Bloor St W - High Park'],416-278-8627,416-278-8627,1609.34,True,{},12445,,Pacific Ave / Glenlake Ave,
7442,f8c38137-e9c7-11ef-984e-124c66246c7d,Lonsdale Rd / Spadina Rd,REGULAR,43.688526,-79.412903,,Lonsdale Rd / Spadina Rd,14,False,"['key', 'transitcard', 'creditcard', 'phone']","['North', 'St Clair Ave W']",416-274-4582,416-274-4582,1609.34,True,{},M5T 2G7,,,
7444,f8c38b8a-e9c7-11ef-984e-124c66246c7d,Clendenan Ave / Rowland St - SMART,SMARTMAPFRAME,43.66073,-79.47149,,Clendenan Ave / Rowland St - SMART,20,False,"['key', 'transitcard', 'phone']","['West', 'Bloor St W - High Park']",437-243-6516,437-243-6516,1609.34,True,{},M6P 2X6,,,
7445,f8c39274-e9c7-11ef-984e-124c66246c7d,Eastwood Rd / Coxwell Ave,REGULAR,43.673118,-79.318651,,Eastwood Rd / Coxwell Ave,19,False,"['key', 'transitcard', 'creditcard', 'phone']","['East', 'Leslieville - Woodbine']",437-244-2762,437-244-2762,1609.34,True,{},M4L 3B5,,,
7446,f8c3990a-e9c7-11ef-984e-124c66246c7d,Orchard Park,REGULAR,43.66908,-79.3149,,Orchard Park,25,False,"['key', 'transitcard', 'creditcard', 'phone']","['East', 'Leslieville - Woodbine']",437-244-2385,437-244-2385,1609.34,True,{},M4L 1M7,,,
7447,f8c39fd1-e9c7-11ef-984e-124c66246c7d,Trent Ave / Danforth Ave,REGULAR,43.689293,-79.295895,,Trent Ave / Danforth Ave,23,False,"['key', 'transitcard', 'creditcard', 'phone']","['East', 'Danforth']",437-244-2458,437-244-2458,1609.34,True,{},M4C 1M2,,,
7448,f8c3a730-e9c7-11ef-984e-124c66246c7d,Goodwood Park Crt / Dentonia Park,REGULAR,43.694826,-79.295208,,Goodwood Park Ct / Dentonia Park,19,False,"['key', 'transitcard', 'creditcard', 'phone']","['East', 'Danforth']",437-244-2392,437-244-2392,1609.34,True,{},M4C2G5,,,
7449,f8c3ae34-e9c7-11ef-984e-124c66246c7d,Cosburn Ave / Cedarvale Ave,REGULAR,43.697139,-79.31469,,Cosburn Ave / Cedarvale Ave,15,False,"['key', 'transitcard', 'creditcard', 'phone']","['East', 'Danforth']",437-244-1847,437-244-1847,1609.34,True,{},M4C 4K7,,,
7450,f8c3b519-e9c7-11ef-984e-124c66246c7d,Carlaw Ave / Danforth Ave,REGULAR,43.678248142816344,-79.34709655456162,,Carlaw Ave / Danforth Ave,15,False,"['key', 'transitcard', 'creditcard', 'phone']",['East'],437-244-2674,437-244-2674,1609.34,True,{},M4K 1P7,,,
7451,f8c3c10e-e9c7-11ef-984e-124c66246c7d,Western Battery Rd / Pirandello St,REGULAR,43.640075,-79.414156,,Western Battery Rd / Pirandello St,29,False,"['key', 'transitcard', 'creditcard', 'phone']","['West', 'Liberty Village - Queen West']",437-244-2559,437-244-2559,1609.34,True,{},M6K 3S4,,,
7452,f8c3c44e-e9c7-11ef-984e-124c66246c7d,Bleecker St / St James Ave,REGULAR,43.669232,-79.374495,,Bleecker St / St James Ave,23,False,"['key', 'transitcard', 'creditcard', 'phone']","['East', 'Church Wellesley / Yorkville']",437-244-2078,437-244-2078,1609.34,True,{},M4X 1M2,,,
7453,f8c3c747-e9c7-11ef-984e-124c66246c7d,Jarvis St / Maitland Pl,REGULAR,43.6647688,-79.3772602,,Jarvis St / Maitland Pl,17,False,"['key', 'transitcard', 'creditcard', 'phone']","['East', 'Church Wellesley / Yorkville']",437-243-9422,437-243-9422,1609.34,True,{},M4Y 2G8,,,
7454,f8c3ca2b-e9c7-11ef-984e-124c66246c7d,Pottery Rd / Lower Don River Trail,REGULAR,43.688148,-79.362101,,Pottery Rd / Lower Don River Trail,15,False,"['key', 'transitcard', 'creditcard', 'phone']","['East', 'Davenport - Dupont']",437-244-2781,437-244-2781,1609.34,True,{},M4K 2B9,,,
7455,f8c3cc9f-e9c7-11ef-984e-124c66246c7d,E.T. Seton Park (Eglinton Ave E / Leslie St),REGULAR,43.715951,-79.351246,,E.T. Seton Park (Eglinton Ave E / Leslie St),27,False,"['key', 'transitcard', 'creditcard', 'phone']","['North', 'Thorncliffe Park - Sunnybrook']",437-243-9385,437-243-9385,1609.34,True,{},M4P 1A2,,,
7457,f8c3d178-e9c7-11ef-984e-124c66246c7d,Queen's Park Cres W / Hoskin Ave,REGULAR,43.665221,-79.394009,,Queen's Park Cres W / Hoskin Ave,23,False,"['key', 'transitcard', 'creditcard', 'phone']","['South', 'U of T - Hospital Row']",437-243-6418,437-243-6418,1609.34,True,{},M5S 1H7,,,
7458,f8c3d52a-e9c7-11ef-984e-124c66246c7d,Church St / Lombard St,REGULAR,43.651678,-79.375233,,Church St / Lombard St,17,False,"['key', 'transitcard', 'creditcard', 'phone']","['South', 'Financial District']",437-244-2438,437-244-2438,1609.34,True,{},M5C 3H9,,,
7459,f8c3d7c4-e9c7-11ef-984e-124c66246c7d,St. Clair Ave W / Winona Dr,REGULAR,43.680466,-79.432522,,St Clair Ave W / Winona Dr,11,False,"['key', 'transitcard', 'creditcard', 'phone']","['West', 'St Clair Ave W']",437-244-2434,437-244-2434,1609.34,True,{},M6C 1C2,,,
7460,f8c3da18-e9c7-11ef-984e-124c66246c7d,High Park Outdoor Pool,REGULAR,43.650154,-79.464934,,High Park Outdoor Pool,27,False,"['key', 'transitcard', 'creditcard', 'phone']","['West', 'Bloor St W - High Park']",437-244-2149,437-244-2149,1609.34,True,{},M6R 2Z3,,,
7461,f8c3dcfc-e9c7-11ef-984e-124c66246c7d,High Park Amphitheatre,REGULAR,43.646251,-79.46472,,High Park Amphitheatre,22,False,"['key', 'transitcard', 'creditcard', 'phone']","['West', 'Bloor St W - High Park']",437-244-2557,437-244-2557,17702.739999999998,True,{},M6R 2Z3,,,
7462,f8c3df36-e9c7-11ef-984e-124c66246c7d,Richmond St E / Yonge St,REGULAR,43.651838,-79.378743,,Richmond St E / Yonge St,17,False,"['key', 'transitcard', 'creditcard', 'phone']","['South', 'Financial District']",437-243-6481,437-243-6481,1609.34,True,{},M5C 1X7,,,
7465,f8c3e78e-e9c7-11ef-984e-124c66246c7d,Russell Hill Rd / St. Clair Ave W,REGULAR,43.685569,-79.408019,,Russell Hill Rd / St Clair Ave W,19,False,"['key', 'transitcard', 'creditcard', 'phone']","['North', 'St Clair Ave W']",437-244-2514,437-244-2514,1609.34,True,{},M4V 1R8,,,
7466,f8c3ea00-e9c7-11ef-984e-124c66246c7d,Glendonwynne Rd / Bloor St W,REGULAR,43.65182,-79.47421,,Glendonwynne Ave / Bloor St W,19,False,"['key', 'transitcard', 'creditcard', 'phone']","['West', 'Bloor St W - High Park']",437-244-2085,437-244-2085,1609.34,True,{},M6S 1N3,,,
7467,f8c3ecc4-e9c7-11ef-984e-124c66246c7d,Lower Simcoe St / Bremner Blvd,REGULAR,43.64283,-79.38409,,Lower Simcoe St / Bremner Blvd,15,False,"['key', 'transitcard', 'creditcard', 'phone']","['South', 'Watefront']",437-244-2849,437-244-2849,1609.34,True,{},M5J 3A6,False,,
7468,f8c3ef3a-e9c7-11ef-984e-124c66246c7d,Front St W / Simcoe St,REGULAR,43.644480035433915,-79.38698781349183,,Front St / Simcoe St,27,False,"['key', 'transitcard', 'creditcard', 'phone']","['South', 'Watefront']",437-244-2882,437-244-2882,1609.34,True,{},M5V 2W6,,,
7469,f8c3f190-e9c7-11ef-984e-124c66246c7d,York St / Wellington St W (1) ,REGULAR,43.646734,-79.38301,,Wellington St W / York St,22,False,"['key', 'transitcard', 'creditcard', 'phone']","['South', 'Financial District']",437-244-2670,437-244-2670,1609.34,True,{},M5J 2R2,,,
7471,f8c3f69d-e9c7-11ef-984e-124c66246c7d,2300 Lakeshore Blvd W,ELECTRICBIKESTATION,43.61868,-79.48674,,Lake Shore Blvd W / Louisa St,15,True,"['key', 'transitcard', 'creditcard', 'phone']","['E-Charging ', 'West', 'Humber Bay Shores']",437-241-5670,437-241-5670,1609.34,True,{},M8V 1B4,,,
7473,f8c3fd8a-e9c7-11ef-984e-124c66246c7d,Adelaide St W / Strachan Ave,REGULAR,43.643253094827294,-79.41230469904167,,Adelaide St W / Strachan Ave,15,False,"['key', 'transitcard', 'creditcard', 'phone']","['West', 'Liberty Village - Queen West']",437-244-1546,437-244-1546,1609.34,True,{},M6J 2S7,,,
7474,f8c40003-e9c7-11ef-984e-124c66246c7d,Clarence Square,REGULAR,43.64407,-79.3929,,Clarence Square,23,False,"['key', 'transitcard', 'creditcard', 'phone']","['South', 'Fort York - Entertainment District']",437-244-1303,437-244-1303,1609.34,True,{},M5V 1H1,,,
7475,f8c40276-e9c7-11ef-984e-124c66246c7d,Jarvis St / Richmond St E,REGULAR,43.652777,-79.372637,,Jarvis St / Richmond St E,19,False,"['key', 'transitcard', 'creditcard', 'phone']","['East', 'Financial District']",437-241-5732,437-241-5732,1609.34,True,{},M5C 2H6,,,
7476,f8c40544-e9c7-11ef-984e-124c66246c7d,Symington Ave / Dupont St,REGULAR,43.665538,-79.451263,,Symington Ave / Dupont St,15,False,"['key', 'transitcard', 'creditcard', 'phone']","['West', 'Davenport - Dupont']",437-243-9512,437-243-9512,1609.34,True,{},M6P 3S3,,,
7477,f8c40792-e9c7-11ef-984e-124c66246c7d,Antler St / Campbell Ave - SMART,SMARTMAPFRAME,43.664182,-79.449066,,Antler St / Campbell Ave - SMART,20,False,"['key', 'transitcard', 'phone']","['West', 'Davenport - Dupont']",437-241-5622,437-241-5622,1609.34,True,{},M6P 3V5,,,
7478,f8c40a28-e9c7-11ef-984e-124c66246c7d,Ellis Ave / The Queensway,REGULAR,43.63855,-79.46693,,Ellis Ave / The Queensway,19,False,"['key', 'transitcard', 'creditcard', 'phone']","['West', 'Humber Bay Shores']",437-244-1121,437-244-1121,1609.34,True,{},M6S 2X1,,,
7479,f8c40c9d-e9c7-11ef-984e-124c66246c7d,Jane St / Bloor St W (Jane Subway Station),REGULAR,43.64976,-79.48477,,Jane St / Bloor St W (Jane Subway Station),15,False,"['key', 'transitcard', 'creditcard', 'phone']","['West', 'Bloor St W - High Park']",437-244-2417,437-244-2417,1609.34,True,{},M6S 3Y2,,,
7480,f8c40f1c-e9c7-11ef-984e-124c66246c7d,Neil McLellan Park,REGULAR,43.65143,-79.47779,,Neil McLellan Park,14,False,"['key', 'transitcard', 'creditcard', 'phone']","['West', 'Bloor St W - High Park']",437-241-5714,437-241-5714,1609.34,True,{},M6S 3B4,,,
7483,f8c4181f-e9c7-11ef-984e-124c66246c7d,Southwood Dr / Kingston Rd - SMART,SMARTMAPFRAME,43.678685,-79.297974,,Southwood Dr / Kingston Rd - SMART,12,False,"['key', 'transitcard', 'phone']","['East', 'Leslieville - Woodbine']",437-243-8986,437-243-8986,1609.34,True,{},M4E 1R3,,,
7484,f8c41b21-e9c7-11ef-984e-124c66246c7d,Briar Hill Ave / Yonge St - SMART,SMARTMAPFRAME,43.713524,-79.400162,,Briar Hill Ave / Yonge St - SMART,16,False,"['key', 'transitcard', 'phone']","['North', 'Mid Town']",437-243-5891,437-243-5891,1609.34,True,{},M4P 2J2,,,
7485,f8c41e28-e9c7-11ef-984e-124c66246c7d,Blythwood Rd / Yonge St - SMART,SMARTMAPFRAME,43.716652,-79.399993,,Blythwood Rd / Yonge St - SMART,15,False,"['key', 'transitcard', 'phone']","['North', 'Mid Town']",437-244-1061,437-244-1061,1609.34,True,{},M4P 2J6,,,
7486,f8c42185-e9c7-11ef-984e-124c66246c7d,Gerrard St E / Main St,REGULAR,43.684261,-79.299332,,Gerrard St E / Main St,22,False,"['key', 'transitcard', 'creditcard', 'phone']",['Leslieville - Woodbine'],437-241-6030,437-241-6030,1609.34,True,{},M4E 2E1,,,
7487,f8c42484-e9c7-11ef-984e-124c66246c7d,Eastwood Rd / Woodbine Ave - SMART,SMARTMAPFRAME,43.676216,-79.309395,,Eastwood Rd / Woodbine Ave,16,False,"['key', 'transitcard', 'phone']","['East', 'Leslieville - Woodbine']",437-243-9359,437-243-9359,1609.34,True,{},M4E 2H8,,,
7488,f8c4276a-e9c7-11ef-984e-124c66246c7d,Summerhill Ave / Maclennan Ave,REGULAR,43.685924,-79.376304,,Summerhill Ave / Maclennan Ave,11,False,"['key', 'transitcard', 'creditcard', 'phone']","['East', 'Davenport - Dupont']",437-243-9051,437-243-9051,1609.34,True,{},M4M 2Z9,,,
7489,f8c42a3b-e9c7-11ef-984e-124c66246c7d,Sumach St  / Queen St E,REGULAR,43.656638,-79.358749,,Sumach St  / Queen St E,19,False,"['key', 'transitcard', 'creditcard', 'phone']","['East', 'Regent Park - Distillery']",437-241-6394,437-241-6394,1609.34,True,{},M5A 1V1,,,
7492,f8c4336c-e9c7-11ef-984e-124c66246c7d,Cherry St / Lake Shore Blvd E,REGULAR,43.64827015761016,-79.35651733677065,,324 Cherry St,15,False,"['key', 'transitcard', 'creditcard', 'phone']","['East', 'Watefront']",Ward 10 - (324 Cherry St),Ward 10 - (324 Cherry St),350.0,True,{},M5A 3L2,,,
7493,f8c436a5-e9c7-11ef-984e-124c66246c7d,Sackville St / Eastern Ave - SMART,SMARTMAPFRAME,43.653809,-79.3595,,Sackville St / Eastern Ave - SMART,12,False,"['key', 'transitcard', 'phone']","['East', 'Regent Park - Distillery']",437-243-9049,437-243-9049,1609.34,True,{},M5A 3E1,,,
7494,f8c43924-e9c7-11ef-984e-124c66246c7d,Davenport Rd / McAlpine St - SMART,SMARTMAPFRAME,43.673768,-79.391253,,Davenport Rd / McAlpine St - SMART,12,False,"['key', 'transitcard', 'phone']","['North', 'Davenport - Dupont']",437-243-6475,437-243-6475,1609.34,True,{},M5R 1H4,,,
7496,f8c43ddb-e9c7-11ef-984e-124c66246c7d,Sunnyside Ave / The Queensway - SMART,SMARTMAPFRAME,43.6397,-79.44865,,Sunnyside Ave / The Queensway - SMART,20,False,"['key', 'transitcard', 'phone']","['West', 'Liberty Village - Queen West']",437-243-9725,437-243-9725,1609.34,True,{},M6R 1B4,,,
7497,f8c44052-e9c7-11ef-984e-124c66246c7d,128 Sterling Rd - SMART,SMARTMAPFRAME,43.654004,-79.444792,,128 Sterling Ave - SMART,20,False,"['key', 'transitcard', 'phone']","['West', 'College St - Harbord St']",437-241-6264,437-241-6264,1609.34,True,{},M6P 0A1,,,
7501,f8c44a10-e9c7-11ef-984e-124c66246c7d,Humberside Grounds - SMART,SMARTMAPFRAME,43.65917,-79.46997,,Humberside Grounds - SMART,20,False,"['key', 'transitcard', 'phone']","['West', 'Bloor St W - High Park']",437-243-9655,437-243-9655,1609.34,True,{},M6P 3G4,,Glendonwynne Rd. / Quebec Ave.,
7502,f8c44c73-e9c7-11ef-984e-124c66246c7d,University Ave / College St (East),REGULAR,43.65995,-79.38964,,University Ave / College St (East),16,False,"['key', 'transitcard', 'creditcard', 'phone']","['South', 'U of T - Hospital Row']",437-241-6388,437-241-6388,1609.34,True,{},M5G 1L7,,,
7503,f8c44ed5-e9c7-11ef-984e-124c66246c7d,Gerrard St E / Malvern Ave - SMART,SMARTMAPFRAME,43.685221,-79.294766,,Gerrard St E / Malvern Ave - SMART,20,False,"['key', 'transitcard', 'phone']","['East', 'Leslieville - Woodbine']",437-242-7296,437-242-7296,1609.34,True,{},M4E 2E1,,,
7504,f8c45128-e9c7-11ef-984e-124c66246c7d,Gerrard St E / Victoria Park Ave - SMART,SMARTMAPFRAME,43.686962,-79.286864,,Gerrard St E / Victoria Park Ave,16,False,"['key', 'transitcard', 'phone']","['East', 'Leslieville - Woodbine']",4372446997,4372446997,1609.34,True,{},M4E 3T6,,,
7505,f8c45395-e9c7-11ef-984e-124c66246c7d,Ontario St / Adelaide St E -SMART,SMARTMAPFRAME,43.6535052,-79.3667689,,Ontario St / Adelaide St E -SMART,20,False,"['key', 'transitcard', 'phone']","['East', 'Regent Park - Distillery']",437-243-9011,437-243-9011,1609.34,True,{},M5A 2V1,,,
7506,f8c45604-e9c7-11ef-984e-124c66246c7d,Berkeley St / Adelaide St E - SMART,SMARTMAPFRAME,43.653268712095425,-79.36481974767595,,Berkeley St / Adelaide St E - SMART,12,False,"['key', 'transitcard', 'phone']","['East', 'Regent Park - Distillery']",437-688-8179,437-688-8179,1609.34,True,{},M5A 2W7,,,
7508,f8c45ad6-e9c7-11ef-984e-124c66246c7d,Berkeley St / Dundas St E - SMART,SMARTMAPFRAME,43.658816,-79.367318,,Berkeley St / Dundas St E - SMART,20,False,"['key', 'transitcard', 'phone']","['East', 'Regent Park - Distillery']",437-243-9390,437-243-9390,1609.34,True,{},M5A 2A7,,,
7514,f8c46a80-e9c7-11ef-984e-124c66246c7d,Humber Bay Shores Park / Marine Parade Dr,REGULAR,43.626265,-79.476723,0.0,Humber Bay Shores Park / Marine Parade Dr,63,False,"['key', 'transitcard', 'creditcard', 'phone']","['West', 'Humber Bay Shores']",437-245-8082,437-245-8082,1609.34,True,{},1324,False,,
7515,f8c46d05-e9c7-11ef-984e-124c66246c7d,Amos Waites Park,REGULAR,43.613606,-79.4883535,0.0,Amos Waites Park,27,False,"['key', 'transitcard', 'creditcard', 'phone']","['West', 'Humber Bay Shores']",437-239-8119,437-239-8119,1609.34,True,{},M8V 1C5,,,
7516,f8c47191-e9c7-11ef-984e-124c66246c7d,Superior Ave / Lake Shore Blvd W,REGULAR,43.6146692,-79.4873148,0.0,Superior Ave / Lake Shore Blvd W,17,False,"['key', 'transitcard', 'creditcard', 'phone']","['West', 'Humber Bay Shores']",437-245-8205,437-245-8205,1609.34,True,{},M8V 2M1,,,
7517,f8c47413-e9c7-11ef-984e-124c66246c7d,Ripley Ave / Ormskirk Ave,REGULAR,43.6390437,-79.4760109,0.0,Ripley Ave / Ormskirk Ave,23,False,"['key', 'transitcard', 'creditcard', 'phone']","['West', 'Bloor St W - High Park']",437-245-7858,437-245-7858,1609.34,True,{},M6S 3N9,,,
7518,f8c4768d-e9c7-11ef-984e-124c66246c7d,Lake Shore Blvd W / Colborne Lodge Dr,REGULAR,43.63771,-79.458173,0.0,Lake Shore Blvd W / Colborne Lodge Dr,26,False,"['key', 'transitcard', 'creditcard', 'phone']","['West', 'Humber Bay Shores']",437-245-7491,437-245-7491,1609.34,True,{},M6S 5A3,,,
7519,f8c47905-e9c7-11ef-984e-124c66246c7d,406 Oakwood Ave,REGULAR,43.68827060022711,-79.43937767081853,0.0,"406 Oakwood Ave, York, ON M6E 2W3",19,False,"['key', 'transitcard', 'creditcard', 'phone']","['West', 'Eglinton Ave W']",437-245-7175,437-245-7175,1609.34,True,{},L5C 1E4,,,
7520,f8c48077-e9c7-11ef-984e-124c66246c7d,St Clarens Ave / Shirley St,REGULAR,43.6486599,-79.4376413,0.0,St Clarens Ave / Shirley Ave,15,False,"['key', 'transitcard', 'creditcard', 'phone']","['West', 'College St - Harbord St']",437-245-7286,437-245-7286,1609.34,True,{},M6K 1S9,,,
7521,f8c48380-e9c7-11ef-984e-124c66246c7d,Emerson Ave / Bloor St W,REGULAR,43.658739,-79.440691,0.0,Emerson Ave / Bloor St W,23,False,"['key', 'transitcard', 'creditcard', 'phone']","['West', 'Bloor St W / Annex']",437-388-3260,437-388-3260,1609.34,True,{},M6H 1N6,,,
7522,f8c48b98-e9c7-11ef-984e-124c66246c7d,Wallace Ave / Pauline Ave,REGULAR,43.6632257,-79.4397052,0.0,Wallace Ave / Pauline Ave,17,False,"['key', 'transitcard', 'creditcard', 'phone']","['West', 'Davenport - Dupont']",437-240-3049,437-240-3049,1609.34,True,{},M6H 1T5,,,
7523,f8c48e44-e9c7-11ef-984e-124c66246c7d,Lynn Williams St / East Liberty St,REGULAR,43.638925,-79.4168659,0.0,Lynn Williams St / East Liberty St,15,False,"['key', 'transitcard', 'creditcard', 'phone']","['West', 'Liberty Village - Queen West']",437-388-5351,437-388-5351,1609.34,True,{},M6K 3N6,,,
7524,f8c4a7cd-e9c7-11ef-984e-124c66246c7d,Lisgar Park,REGULAR,43.6423847,-79.4240277,0.0,Lisgar Park,35,False,"['key', 'transitcard', 'creditcard', 'phone']","['West', 'Liberty Village - Queen West']",437-245-6934,437-245-6934,1609.34,True,{},M6J 3X6,False,,
7526,f8c4b24a-e9c7-11ef-984e-124c66246c7d,Bartlett Parkette,REGULAR,43.6702236,-79.4360232,0.0,Bartlett Parkette,22,False,"['key', 'transitcard', 'creditcard', 'phone']","['West', 'Annex Efit drop off', 'Davenport - Dupont']",437-245-6254,437-245-6254,1609.34,True,{},M6H 2B8,,,
7527,f8c4b8a6-e9c7-11ef-984e-124c66246c7d,Joseph J Piccininni Community Centre,REGULAR,43.675648,-79.4527619,0.0,Joseph J Piccininni Community Centre,19,False,"['key', 'transitcard', 'creditcard', 'phone']","['West', 'St Clair Ave W']",437-245-6129,437-245-6129,1609.34,True,{},M6E 1C5,,,
7528,f8c4f9c8-e9c7-11ef-984e-124c66246c7d,Spadina Rd / Austin Terrace,VAULT,43.67883,-79.408723,0.0,Spadina Rd / Austin Terrace,17,False,"['key', 'transitcard', 'phone']","['North', 'Annex Efit drop off', 'Davenport - Dupont']",437-388-5612,437-388-5612,1609.34,True,{},M5R 2V5,,,
7529,f8c502a4-e9c7-11ef-984e-124c66246c7d,Symington Ave / Davenport Rd,REGULAR,43.6704403,-79.45328549999999,0.0,Symington Ave / Davenport Rd,15,False,"['key', 'transitcard', 'creditcard', 'phone']","['West', 'Davenport - Dupont']",437-388-2709,437-388-2709,1609.34,True,{},M6N 1B9,,,
7530,f8c518b0-e9c7-11ef-984e-124c66246c7d,Sherbourne St N / Elm Ave,REGULAR,43.6752732,-79.3778458,0.0,Sherbourne St N / Elm Ave,22,False,"['key', 'transitcard', 'creditcard', 'phone']","['East', 'Davenport - Dupont']",437-388-5525,437-388-5525,1609.34,True,{},M4W 2T4,,,
7531,f8c5258d-e9c7-11ef-984e-124c66246c7d,541 Huron St - SMART,SMARTMAPFRAME,43.670206,-79.402643,0.0,541 Huron St,20,False,"['key', 'transitcard', 'phone']","['North', 'Annex Efit drop off', 'Bloor St W / Annex']",437-388-1073,437-388-1073,1609.34,True,{},M5R 2R6,,,
7533,f8c52cc9-e9c7-11ef-984e-124c66246c7d,Housey St / Dan Leckie Way,REGULAR,43.63811,-79.397877,0.0,Housey St / Dan Leckie Way,27,False,"['key', 'transitcard', 'creditcard', 'phone']","['South', 'Fort York - Entertainment District']",437-388-3076,437-388-3076,1609.34,True,{},M5V 3Y2,,,
7534,f8c52fa5-e9c7-11ef-984e-124c66246c7d,Walnut Ave / Queen St W,REGULAR,43.645469,-79.411084,0.0,Walnut Ave / Queen St W,15,False,"['key', 'transitcard', 'creditcard', 'phone']","['West', 'Liberty Village - Queen West']",437-388-5316,437-388-5316,1609.34,True,{},M6J 1G4,,,
7536,f8c534bf-e9c7-11ef-984e-124c66246c7d,Palmerston Ave / Dundas St W,REGULAR,43.651603,-79.408346,0.0,Palmerston Ave / Dundas St W,23,False,"['key', 'transitcard', 'creditcard', 'phone']","['West', 'College St - Harbord St']",437-388-1225,437-388-1225,1609.34,True,{},M6J 1V2,,,
7537,f8c53737-e9c7-11ef-984e-124c66246c7d,Euclid Ave / Herrick St - SMART,SMARTMAPFRAME,43.661559,-79.413845,0.0,Euclid Ave / Herrick St,16,False,"['key', 'transitcard', 'phone']","['West', 'College St - Harbord St']",437-333-8915,437-333-8915,1609.34,True,{},M6G 2T4,,,
7538,f8c539a9-e9c7-11ef-984e-124c66246c7d,Vaughan Rd /Wychwood Ave,REGULAR,43.6882821,-79.4253856,0.0,Vaughan Rd /Wychwood Ave,19,False,"['key', 'transitcard', 'creditcard', 'phone']","['West', 'Eglinton Ave W']",437-388-1459,437-388-1459,1609.34,True,{},M6C 2N5,,,
7539,f8c53c0f-e9c7-11ef-984e-124c66246c7d,Davisville Ave / Pailton Cres,REGULAR,43.69933,-79.39199,0.0,Davisville Ave / Pailton Cres,19,False,"['key', 'transitcard', 'creditcard', 'phone']","['North', 'Mid Town']",437-388-2404,437-388-2404,1609.34,True,{},M4S 1E8,,,
7540,f8c53f3a-e9c7-11ef-984e-124c66246c7d,Alvin Ave / St. Clair Ave E,REGULAR,43.68871,-79.39264,0.0,Alvin Ave / St Clair Ave E,19,False,"['key', 'transitcard', 'creditcard', 'phone']","['North', 'Mid Town']",437-227-3652,437-227-3652,1609.34,True,{},M4T 1M9,,,
7541,f8c541de-e9c7-11ef-984e-124c66246c7d,Bellwoods Ave / Treford Pl - SMART,SMARTMAPFRAME,43.65246,-79.413528,0.0,Bellwoods Ave / Treford Pl,20,False,"['key', 'transitcard', 'phone']","['West', 'College St - Harbord St']",,,1609.34,True,{},M6J 2R3,,,
7542,f8c54427-e9c7-11ef-984e-124c66246c7d,Queen St W / John St,REGULAR,43.650077,-79.391291,0.0,Queen St W / John St,23,False,"['key', 'transitcard', 'creditcard', 'phone']","['South', 'Fort York - Entertainment District']",437-333-9830,437-333-9830,1609.34,True,{},M5V 1Z8,,,
7543,f8c5467d-e9c7-11ef-984e-124c66246c7d,Nassau St / Bellevue Ave,REGULAR,43.65484215542248,-79.40351232494366,0.0,Nassau St / Bellvue Ave,15,False,"['key', 'transitcard', 'creditcard', 'phone']","['South', 'College St - Harbord St']",437-333-9510,437-333-9510,1609.34,True,{},M5T 2N4,,,
7545,f8c54b51-e9c7-11ef-984e-124c66246c7d,Baldwin St / Henry St,REGULAR,43.6560758,-79.393259,0.0,Baldwin St / Henry St,15,False,"['key', 'transitcard', 'creditcard', 'phone']","['South', 'U of T - Hospital Row']",437-333-8865,437-333-8865,1609.34,True,{},M5T 1L2,,,
7546,f8c54db5-e9c7-11ef-984e-124c66246c7d,Ross St / Cecil St - SMART,SMARTMAPFRAME,43.6568254,-79.3966159,0.0,Ross St / Cecil St,18,False,"['key', 'transitcard', 'phone']","['South', 'U of T - Hospital Row']",437-333-8180,437-333-8180,1609.34,True,{},M5T 1N3,,,
7547,f8c5505e-e9c7-11ef-984e-124c66246c7d,Orde St / McCaul St,REGULAR,43.6580442,-79.3927404,0.0,Orde St / McCaul St,15,False,"['key', 'transitcard', 'creditcard', 'phone']","['South', 'U of T - Hospital Row']",,,1609.34,True,{},M5T 1W6,,,
7548,f8c554e3-e9c7-11ef-984e-124c66246c7d,St. Joseph St / Bay St - SMART,SMARTMAPFRAME,43.6658804,-79.38761010000002,0.0,St Joseph St / Bay St,20,False,"['key', 'transitcard', 'phone']","['South', 'U of T - Hospital Row']",,,1609.34,True,{},M5S 3A5,,,
7549,f8c557a9-e9c7-11ef-984e-124c66246c7d,439 Sherbourne St,REGULAR,43.666051,-79.374161,0.0,439 Sherbourne St,46,False,"['key', 'transitcard', 'creditcard', 'phone']","['East', 'Church Wellesley / Yorkville']",437-388-2640,437-388-2640,1609.34,True,{},M4X 1K6,,,
7551,f8c55c9f-e9c7-11ef-984e-124c66246c7d,The Esplanade / Hahn Pl,VAULT,43.649709,-79.364184,0.0,The Esplanade / Hahn Pl,15,False,"['key', 'transitcard', 'phone']","['South', 'Regent Park - Distillery']",437-388-1665,437-388-1665,1609.34,True,{},M5A 4J6,,,
7552,f8c55f15-e9c7-11ef-984e-124c66246c7d,Lake Shore Blvd W / Thirty Ninth Street,REGULAR,43.5927419,-79.54033009999999,0.0,Lake Shore Blvd W / Thirty Ninth Street,19,False,"['key', 'transitcard', 'creditcard', 'phone']","['West', 'Humber Bay Shores']",437-333-7918,437-333-7918,1609.34,True,{},M8W 1P9,,,
7553,f8c5618e-e9c7-11ef-984e-124c66246c7d,Lake Shore Blvd W / Twenty Fourth St,REGULAR,43.597082,-79.522768,0.0,Lake Shore Blvd W / Twenty Fourth St,19,False,"['key', 'transitcard', 'creditcard', 'phone']","['West', 'Humber Bay Shores']",437-388-5658,437-388-5658,1609.34,True,{},M8V 1M1,,,
7554,f8c563ed-e9c7-11ef-984e-124c66246c7d,Humber College (Lakeshore Campus),REGULAR,43.5961692,-79.5160575,0.0,Humber College,27,False,"['key', 'transitcard', 'creditcard', 'phone']","['West', 'Humber Bay Shores']",437-388-5700,437-388-5700,1609.34,True,{},M8V 4B6,,,
7555,f8c5667a-e9c7-11ef-984e-124c66246c7d,Royal York Rd / Mimico Ave,REGULAR,43.612063,-79.496573,0.0,Royal York Rd / Mimico Ave,20,False,"['key', 'transitcard', 'creditcard', 'phone']","['West', 'Humber Bay Shores']",437-388-5958,437-388-5958,1609.34,True,{},M8V 1R6,,,
7556,f8c569c7-e9c7-11ef-984e-124c66246c7d,Windsor St / Newcastle St,REGULAR,43.6171635,-79.4971065,0.0,Windsor St / Newcastle St,31,False,"['key', 'transitcard', 'creditcard', 'phone']","['West', 'Humber Bay Shores']",437-388-5890,437-388-5890,1609.34,True,{},M8Y 0A6,,,
7557,f8c56cae-e9c7-11ef-984e-124c66246c7d,The Queensway / High St,REGULAR,43.630874,-79.482407,0.0,The Queensway / High St,23,False,"['key', 'transitcard', 'creditcard', 'phone']","['West', 'Humber Bay Shores']",437-388-2784,437-388-2784,1609.34,True,{},M8Y 1H6,,,
7558,f8c56fa9-e9c7-11ef-984e-124c66246c7d,Berry Rd / Bell Manor Dr,REGULAR,43.63732,-79.489083,0.0,Berry Rd / Bell Manor Dr,19,False,"['key', 'transitcard', 'creditcard', 'phone']","['West', 'Bloor St W - High Park']",437-388-6054,437-388-6054,1609.34,True,{},M8Y 1W5,,,
7559,f8c572eb-e9c7-11ef-984e-124c66246c7d,Swansea Community Centre,REGULAR,43.6438036,-79.4770327,0.0,Swansea Community Centre,15,False,"['key', 'transitcard', 'creditcard', 'phone']","['West', 'Bloor St W - High Park']",,,1609.34,True,{},M6S 4Z9,,,
7561,f8c578be-e9c7-11ef-984e-124c66246c7d,Annette St / Jane St,REGULAR,43.658574,-79.487246,0.0,Annette St / Jane St,15,False,"['key', 'transitcard', 'creditcard', 'phone']","['West', 'Bloor St W - High Park']",,,1609.34,True,{},M6S 3Z5,,,
7562,f8c57bab-e9c7-11ef-984e-124c66246c7d,Priscilla Ave / Dundas St W,REGULAR,43.664665,-79.489385,0.0,Priscilla  Ave / Dundas St W,23,False,"['key', 'transitcard', 'creditcard', 'phone']","['West', 'Bloor St W - High Park']",,,1609.34,True,{},M6S 2S1,,,
7563,f8c57e71-e9c7-11ef-984e-124c66246c7d,St. Clair Ave W / Castleton Ave,REGULAR,43.668496,-79.485426,0.0,St Clair Ave W / Castleton Ave,19,False,"['key', 'transitcard', 'creditcard', 'phone']","['West', 'St Clair Ave W']",473-333-5383,473-333-5383,1609.34,True,{},M6N 4Z5,,,
7564,f8c580c1-e9c7-11ef-984e-124c66246c7d,Durie St / Dundas St W,REGULAR,43.665523,-79.484892,0.0,Durie St / Dundas St W,23,False,"['key', 'transitcard', 'creditcard', 'phone']","['West', 'Bloor St W - High Park']",437-333-4072,437-333-4072,1609.34,True,{},M6S 2S1,,,
7565,f8c5833b-e9c7-11ef-984e-124c66246c7d,St. Clair Ave W / Gunns Rd,REGULAR,43.672079,-79.470171,0.0,St Clair Ave W / Gunns Rd,23,False,"['key', 'transitcard', 'creditcard', 'phone']","['West', 'St Clair Ave W']",437-333-3509,437-333-3509,1609.34,True,{},M6N 4X9,,,
7566,f8c5859d-e9c7-11ef-984e-124c66246c7d,Weston Rd / St. Clair Ave W,REGULAR,43.673019,-79.467994,0.0,Weston Rd / St Clair Ave W,19,False,"['key', 'transitcard', 'creditcard', 'phone']","['West', 'St Clair Ave W']",,,1609.34,True,{},M6N 3P4,,,
7567,f8c5881a-e9c7-11ef-984e-124c66246c7d,Weston Lions Park,REGULAR,43.698841,-79.519472,0.0,Weston Lions Park,27,False,"['key', 'transitcard', 'creditcard', 'phone']","['West', 'Eglinton Ave W']",437-333-3873,437-333-3873,1609.34,True,{},M9N 1H7,,,
7568,f8c58a57-e9c7-11ef-984e-124c66246c7d,Jameson Ave / Queen St W,REGULAR,43.63985,-79.43703,0.0,Jameson Ave / Queen St W,26,False,"['key', 'transitcard', 'creditcard', 'phone']","['West', 'Liberty Village - Queen West']",437-288-9921,437-288-9921,1609.34,True,{},M6K 1M3,,,
7569,f8c58c9e-e9c7-11ef-984e-124c66246c7d,Toronto Inukshuk Park,REGULAR,43.63298179738442,-79.40950821468047,0.0,785 Lake Shore Boulevard West,87,False,"['key', 'transitcard', 'creditcard', 'phone']","['West', 'Watefront']",437-388-4688,437-388-4688,1609.34,True,{},M6K 3C3,True,,Employee assisted valet supporting Fan Fest and gameday events. Always find a spot to dock your bike!
7570,f8c58f13-e9c7-11ef-984e-124c66246c7d,Carlaw Ave / Dundas St E,REGULAR,43.665076,-79.341509,0.0,Carlaw Ave / Dundas St E,17,False,"['key', 'transitcard', 'creditcard', 'phone']","['East', 'Leslieville - Woodbine']",437-388-5077,437-388-5077,1609.34,True,{},M4M 2T1,,,
7571,f8c5918f-e9c7-11ef-984e-124c66246c7d,Highfield Rd / Gerrard St E,REGULAR,43.671771,-79.324961,0.0,Highfield Rd / Gerrard St E,19,False,"['key', 'transitcard', 'creditcard', 'phone']","['East', 'Leslieville - Woodbine']",437-388-4899,437-388-4899,1609.34,True,{},M4L 1Y7,,,
7572,f8c593ec-e9c7-11ef-984e-124c66246c7d,Cosburn Ave / Durant Ave,REGULAR,43.6935477,-79.3301658,0.0,Cosburn Ave / Durant Ave,15,False,"['key', 'transitcard', 'creditcard', 'phone']","['East', 'Danforth']",437-388-4591,437-388-4591,1609.34,True,{},M4J 3R7,,,
7575,f8c59b11-e9c7-11ef-984e-124c66246c7d,Bayview Ave / Lawren Harris Square,REGULAR,43.6548521,-79.35397680000001,0.0,207 Eastern Avenue,15,False,"['key', 'transitcard', 'creditcard', 'phone']","['East', 'Regent Park - Distillery']",437-388-2838,437-388-2838,1609.34,True,{},M5A 1H7,,,
7576,f8c59dec-e9c7-11ef-984e-124c66246c7d,Front St E / Bayview Avenue,REGULAR,43.6535,-79.354068,0.0,Front St E / Bayview Avenue,23,False,"['key', 'transitcard', 'creditcard', 'phone']","['East', 'Regent Park - Distillery']",437-388-2680,437-388-2680,1609.34,True,{},M5A 1H7,,,
7577,f8c5a07e-e9c7-11ef-984e-124c66246c7d,Oak St / Sumach St,REGULAR,43.6617908,-79.361515,0.0,Oak St / Sumach St,27,False,"['key', 'transitcard', 'creditcard', 'phone']","['East', 'Regent Park - Distillery']",437-388-1962,437-388-1962,1609.34,True,{},M5A 2H4,,,
7578,f8c5a2fc-e9c7-11ef-984e-124c66246c7d,Oak St / Parliament St,REGULAR,43.66081,-79.366238,0.0,Oak St / Parliament St,15,False,"['key', 'transitcard', 'creditcard', 'phone']",[],437-240-6919,437-240-6919,1609.34,True,{},M5A 2Z9,,,
7579,f8c5a56f-e9c7-11ef-984e-124c66246c7d,Glebe Rd W / Yonge St,REGULAR,43.700775999664074,-79.39742010185242,0.0,Glebe Rd / Yonge St,19,False,"['key', 'transitcard', 'creditcard', 'phone']","['North', 'Mid Town']",437-388-2475,437-388-2475,1609.34,True,{},M4S 1Z7,,,
7580,f8c5a7da-e9c7-11ef-984e-124c66246c7d,Hillsdale Ave W / Yonge St,REGULAR,43.7029672,-79.3979073,0.0,Hillsdale Ave W / Yonge St,15,False,"['key', 'transitcard', 'creditcard', 'phone']","['North', 'Mid Town']",437-230-8826,437-230-8826,1609.34,True,{},M4S 2A5,,,
7581,f8c5aa46-e9c7-11ef-984e-124c66246c7d,High Park Ave / Dundas St W,REGULAR,43.6653032,-79.4701178,0.0,345 High Park Ave,15,False,"['key', 'transitcard', 'creditcard', 'phone']","['West', 'Bloor St W - High Park']",437-229-5037,437-229-5037,1609.34,True,{},M6P 2S8,,,
7582,f8c5acac-e9c7-11ef-984e-124c66246c7d,Alameda Ave / Vaughan Rd - SMART,SMARTMAPFRAME,43.690903,-79.4375028,0.0,Amaleda Ave / Vaughan Rd,16,False,"['key', 'transitcard', 'phone']","['West', 'Eglinton Ave W']",437-227-7595,437-227-7595,1609.34,True,{},M6C 2R1,,,
7583,f8c5af32-e9c7-11ef-984e-124c66246c7d,Eglinton Ave W / Scarlett Rd,REGULAR,43.6834703,-79.5108942,0.0,Eglinton Ave W / Scarlett Rd,23,False,"['key', 'transitcard', 'creditcard', 'phone']","['West', 'Eglinton Ave W']",437-226-9799,437-226-9799,1609.34,True,{},M9A,,,
7584,f8c5b1af-e9c7-11ef-984e-124c66246c7d,The Pond Rd / Sentinel Rd,REGULAR,43.7696262,-79.5025943,0.0,The Pond Rd / Sentinel Rd,27,False,"['key', 'transitcard', 'creditcard', 'phone']","['North', 'North York - York U']",437-226-5422,437-226-5422,1609.34,True,{},M3J 2S5,,,
7587,f8c5bfdc-e9c7-11ef-984e-124c66246c7d,Dufferin St / Finch Corridor Trail,REGULAR,43.77299391821548,-79.46762962248485,0.0,Dufferin St / Finch Hydro Recreational Trail,19,False,"['key', 'transitcard', 'creditcard', 'phone']","['North', 'North York - York U']",437-213-1564,437-213-1564,1609.34,True,{},M3H 5T3,,,
7588,f8c5c4e5-e9c7-11ef-984e-124c66246c7d,G Ross Lord Park,REGULAR,43.7781116,-79.467963,0.0,G Ross Lord Park,19,False,"['key', 'transitcard', 'creditcard', 'phone']","['North', 'North York - York U']",437-225-0810,437-225-0810,1609.34,True,{},M3H 5T4,,,
7589,f8c5c769-e9c7-11ef-984e-124c66246c7d,Torresdale Ave / Antibes Dr,REGULAR,43.77953,-79.45233,0.0,135 Torresdale Avenue,15,False,"['key', 'transitcard', 'creditcard', 'phone']","['North', 'North York - York U']",437-241-5412,437-241-5412,1609.34,True,{},M2R 3T2,,,
7590,f8c5c9dc-e9c7-11ef-984e-124c66246c7d,Esther Shiner Stadium,REGULAR,43.7774374,-79.4447096,0.0,Ester Shiner Stadium,23,False,"['key', 'transitcard', 'creditcard', 'phone']","['North', 'North York - York U']",437-240-9164,437-240-9164,1609.34,True,{},M2R 1Y6,,,
7591,f8c5cc46-e9c7-11ef-984e-124c66246c7d,Elwood Blvd / Avenue Rd,REGULAR,43.707049,-79.40966,0.0,Elwood Blvd / Avenue Rd,23,False,"['key', 'transitcard', 'creditcard', 'phone']","['North', 'Mid Town']",437-225-3075,437-225-3075,1609.34,True,{},M5N 3B1,,,
7593,f8c5d767-e9c7-11ef-984e-124c66246c7d,Roehampton Ave / Bayview Ave,REGULAR,43.711751,-79.378615,0.0,Roehampton St / Bayview Ave,27,False,"['key', 'transitcard', 'creditcard', 'phone']","['North', 'Thorncliffe Park - Sunnybrook']",,,1609.34,True,{},M4P 1S7,,,
7594,f8c5d9d6-e9c7-11ef-984e-124c66246c7d,Fleming Cres / Bayview Ave,REGULAR,43.707045,-79.375437,0.0,Fleming Cres / Bayview Ave,15,False,"['key', 'transitcard', 'creditcard', 'phone']","['North', 'Thorncliffe Park - Sunnybrook']",437-221-3249,437-221-3249,1609.34,True,{},M4G 3C1,,,
7595,f8c5dc1f-e9c7-11ef-984e-124c66246c7d,Moore Park,REGULAR,43.693256,-79.383238,0.0,Moore Park,15,False,"['key', 'transitcard', 'creditcard', 'phone']","['North', 'Mid Town']",,,1609.34,True,{},M4T 2H3,,,
7596,f8c5e18c-e9c7-11ef-984e-124c66246c7d,Langford Ave / Danforth Ave - SMART,SMARTMAPFRAME,43.6800218,-79.3405681,0.0,840 Danforth Ave,32,False,"['key', 'transitcard', 'phone']","['East', 'Danforth']",,,1609.34,True,{},M4J 1L7,,Langford / Danforth,
7597,f8c5e424-e9c7-11ef-984e-124c66246c7d,Yonge St / Golfdale Rd,REGULAR,43.732016,-79.403637,0.0,Yonge St / Golfdale Rd,15,False,"['key', 'transitcard', 'creditcard', 'phone']","['North', 'Thorncliffe Park - Sunnybrook']",437-223-4626,437-223-4626,1609.34,True,{},M4N 2M6,,,
7598,f8c5e9e1-e9c7-11ef-984e-124c66246c7d,Teddington Park Ave,REGULAR,43.732975,-79.40401,0.0,Teddington Park Ave,15,False,"['key', 'transitcard', 'creditcard', 'phone']","['North', 'Thorncliffe Park - Sunnybrook']",437-221-7591,437-221-7591,1609.34,True,{},M4N 2M8,,,
7599,f8c5ee40-e9c7-11ef-984e-124c66246c7d,Richmond St W / York St,REGULAR,43.650745,-79.383633,0.0,Richmond St W / York St,17,False,"['key', 'transitcard', 'creditcard', 'phone']","['South', 'Financial District']",437-235-9628,437-235-9628,1609.34,True,{},M5H 3K6,,,
7600,f8c5fb47-e9c7-11ef-984e-124c66246c7d,Ursula Franklin St / Huron St - SMART,SMARTMAPFRAME,43.660274,-79.398049,0.0,Ursula Franklin St / Huron St,20,False,"['key', 'transitcard', 'phone']","['South', 'U of T - Hospital Row']",437-220-4937,437-220-4937,1609.34,True,{},M5S 2S2,,,
7601,f8c601bb-e9c7-11ef-984e-124c66246c7d,Brick Works,REGULAR,43.683884,-79.36647,0.0,Brick Works,25,False,"['key', 'transitcard', 'creditcard', 'phone']","['East', 'Davenport - Dupont']",437-220-8757,437-220-8757,1609.34,True,{},M4W,,,
7602,f8c60707-e9c7-11ef-984e-124c66246c7d,Woodbine Ave / O'Connor Dr,REGULAR,43.699281,-79.318802,0.0,Woodbine Ave / O'Connor Dr,19,False,"['key', 'transitcard', 'creditcard', 'phone']","['East', 'Danforth']",437-2439359,437-2439359,1609.34,True,{},M4C 4G9,,,
7603,f8c6100e-e9c7-11ef-984e-124c66246c7d,O'Connor Dr / Curity Ave,REGULAR,43.707582,-79.311439,0.0,O'Connor Dr / Curity Ave,14,False,"['key', 'transitcard', 'creditcard', 'phone']","['East', 'Scarborough - St. Clair']",437-219-1169,437-219-1169,1609.34,True,{},M4B 3L6,,,
7604,f8c6165f-e9c7-11ef-984e-124c66246c7d,St. Columba Pl / St. Clair Ave E,REGULAR,43.70567,-79.310554,0.0,St Columba Pl / St Clair Ave E,19,False,"['key', 'transitcard', 'creditcard', 'phone']","['East', 'Scarborough - St. Clair']",437-213-8222,437-213-8222,1609.34,True,{},M4B 1M8,,,
7605,f8c61f84-e9c7-11ef-984e-124c66246c7d,Lumsden Ave / Eastdale Ave,REGULAR,43.69413548199171,-79.30058718775287,0.0,Lumsden Ave / Eastdale Ave,20,False,"['key', 'transitcard', 'creditcard', 'phone']","['East', 'Danforth']",437-236-2545,437-236-2545,1609.34,True,{},M4C 4Z9,,,
7606,f8c6288b-e9c7-11ef-984e-124c66246c7d,Dawes Rd / Taylor Creek Trl,REGULAR,43.696631,-79.297436,0.0,Dawes Rd / Taylor Creek Trl,19,False,"['key', 'transitcard', 'creditcard', 'phone']","['East', 'Danforth']",437-234-4358,437-234-4358,1609.34,True,{},M4C 5L3,,,
7607,f8c63643-e9c7-11ef-984e-124c66246c7d,Fairmount Park,REGULAR,43.6765897,-79.3163022,0.0,Fairmount Park,19,False,"['key', 'transitcard', 'creditcard', 'phone']","['East', 'Leslieville - Woodbine']",437-235-8009,437-235-8009,1609.34,True,{},A1a1a1,,,
7608,f8c63aa3-e9c7-11ef-984e-124c66246c7d,Wilket Creek Park,REGULAR,43.720645,-79.355474,0.0,Wilket Creek Park,27,False,"['key', 'transitcard', 'creditcard', 'phone']","['North', 'Thorncliffe Park - Sunnybrook']",437-236-1899,437-236-1899,1609.34,True,{},M3C 2J7,,,
7609,f8c63dad-e9c7-11ef-984e-124c66246c7d,Sunnybrook Park,REGULAR,43.720233,-79.362092,0.0,Sunnybrook Park,27,False,"['key', 'transitcard', 'creditcard', 'phone']","['North', 'Thorncliffe Park - Sunnybrook']",1812000361,1812000361,1609.34,True,{},M3C 3L7,,,
7610,f8c64036-e9c7-11ef-984e-124c66246c7d,Kingston Rd / Beech Ave,REGULAR,43.680095,-79.291714,0.0,Kingston Rd / Beech Ave,15,False,"['key', 'transitcard', 'creditcard', 'phone']","['East', 'Leslieville - Woodbine']",437-240-2580,437-240-2580,1609.34,True,{},M4E 1R9,,,
7611,f8c64288-e9c7-11ef-984e-124c66246c7d,Victoria Park Ave / Danforth Ave,REGULAR,43.691468,-79.288619,0.0,Victoria Park Ave / Danforth Ave,19,False,"['key', 'transitcard', 'creditcard', 'phone']","['East', 'Danforth']",437-240-1301,437-240-1301,1609.34,True,{},M4C 1N2,,,
7612,f8c64518-e9c7-11ef-984e-124c66246c7d,Livingston Rd / Guildwood Pkwy,REGULAR,43.747854,-79.199327,0.0,Livingston Rd / Guildwood Pkwy,19,False,"['key', 'transitcard', 'creditcard', 'phone']","['East', 'Scarborough - Rouge Hill']",437-242-1692,437-242-1692,1609.34,True,{},M1E 1P4,,,
7613,f8c64769-e9c7-11ef-984e-124c66246c7d,Livingston Rd (Highland Creek Trail),REGULAR,43.7561681,-79.2026694,0.0,Livingston Rd (Highland Creek Trail),19,False,"['key', 'transitcard', 'creditcard', 'phone']","['East', 'Scarborough - Rouge Hill']",437-242-8864,437-242-8864,1609.34,True,{},M1E 1M4,,,
7614,f8c649e6-e9c7-11ef-984e-124c66246c7d,Morningside Park (Highland Creek Trail),REGULAR,43.779353,-79.193023,0.0,Morningside Park (Highland Creek Trail),23,False,"['key', 'transitcard', 'creditcard', 'phone']","['East', 'Scarborough - Rouge Hill']",437-238-4415,437-238-4415,1609.34,True,{},M1E 3E8,,,
7615,f8c64e53-e9c7-11ef-984e-124c66246c7d,Colonel Danforth Park,REGULAR,43.7777114,-79.1659711,0.0,Colonel Danforth Park,19,False,"['key', 'transitcard', 'creditcard', 'phone']","['East', 'Scarborough - Rouge Hill']",437-238-5317,437-238-5317,1609.34,True,{},M1C 1P8,,,
7616,f8c651d2-e9c7-11ef-984e-124c66246c7d,Waterfront Trail (Rouge Hill),REGULAR,43.778015,-79.131911,0.0,Waterfront Trail (Rouge Hill),19,False,"['key', 'transitcard', 'creditcard', 'phone']","['East', 'Scarborough - Rouge Hill']",,,1609.34,True,{},M1C 5G5,,,
7617,f8c65550-e9c7-11ef-984e-124c66246c7d,Starspray Blvd / Lawrence Ave E,REGULAR,43.788525214554085,-79.1231844760227,0.0,Starspray Ave / Lawrence Ave E,19,False,"['key', 'transitcard', 'creditcard', 'phone']","['East', 'Scarborough - Rouge Hill']",437-238-7894,437-238-7894,1609.34,True,{},M1C 4P5,,,
7618,f8c657fe-e9c7-11ef-984e-124c66246c7d,Vaughan Rd / Oakwood Ave,REGULAR,43.6926825,-79.441042,0.0,Vaughan Rd / Oakwood Ave,11,False,"['key', 'transitcard', 'creditcard', 'phone']","['West', 'Eglinton Ave W']",437-237-4562,437-237-4562,1609.34,True,{},A1a1a1,,,
7619,f8c65a72-e9c7-11ef-984e-124c66246c7d,Braemar Ave / Eglinton Ave W,REGULAR,43.7041957,-79.4094472,0.0,Braemar Ave / Eglinton Ave W,15,False,"['key', 'transitcard', 'creditcard', 'phone']","['North', 'Mid Town']",437-237-2133,437-237-2133,1609.34,True,{},A1a1a1,,,
7620,f8c65ce9-e9c7-11ef-984e-124c66246c7d,Eglinton Ave E / Redpath Ave,REGULAR,43.7078691,-79.39248,0.0,Eglinton Ave E / Redpath Av,31,False,"['key', 'transitcard', 'creditcard', 'phone']","['North', 'Mid Town']",437-236-7168,437-236-7168,1609.34,True,{},A1a1a1,,,
7622,f8c6634f-e9c7-11ef-984e-124c66246c7d,Marie Curtis Park,REGULAR,43.5880774,-79.5432067,0.0,Marie Curtis Park,23,False,"['key', 'transitcard', 'creditcard', 'phone']","['West', 'Humber Bay Shores']",437-236-4104,437-236-4104,1609.34,True,{},M8W 3P3,,,
7623,f8c66604-e9c7-11ef-984e-124c66246c7d,Royal York Rd / Lake Shore Blvd W,REGULAR,43.603384682309645,-79.49310512460633,0.0,Royal York Rd / Lake Shore Blvd W,19,False,"['key', 'transitcard', 'creditcard', 'phone']","['West', 'Humber Bay Shores']",437-239-5463,437-239-5463,1609.34,True,{},M8V 1W3,,,
7624,f8c66879-e9c7-11ef-984e-124c66246c7d,Guildwood GO Station (South),REGULAR,43.754978,-79.1971289,0.0,Guildwood GO Station (South),11,False,"['key', 'transitcard', 'creditcard', 'phone']","['East', 'Scarborough - Rouge Hill']",437-239-3229,437-239-3229,1609.34,True,{},M1E 2M3,,,
7625,f8c66cfd-e9c7-11ef-984e-124c66246c7d,Yonge St / Lawrence Ave E,REGULAR,43.72514086048914,-79.40102575396726,0.0,24 Lawrence Ave East,23,False,"['key', 'transitcard', 'creditcard', 'phone']","['North', 'Thorncliffe Park - Sunnybrook']",437-239-3419,437-239-3419,1000.0,True,{},M4N 1S1,,Yonge St and Lawrence Ave,
7626,f8c66f93-e9c7-11ef-984e-124c66246c7d,Rouge Hill GO Station,REGULAR,43.7805505,-79.1301203,0.0,Rouge Hill GO Station,24,False,"['key', 'transitcard', 'creditcard', 'phone']","['East', 'Scarborough - Rouge Hill']",437-238-7002,437-238-7002,1609.34,True,{},M1C 5G4,,,
7627,f8c67202-e9c7-11ef-984e-124c66246c7d,Shaw St / Essex St - SMART,SMARTMAPFRAME,43.667076,-79.425116,0.0,Shaw St / Essex St - SMART,15,False,"['key', 'transitcard', 'phone']","['West', 'Davenport - Dupont']",,,1609.34,True,{},M6G 3M4,,,
7629,f8c6781c-e9c7-11ef-984e-124c66246c7d,Lundy Ave / Étienne Brûlé Park,REGULAR,43.6625395,-79.5030161,0.0,Lundy Ave / Etienne Brule Park,15,False,"['key', 'transitcard', 'creditcard', 'phone']","['West', 'Bloor St W - High Park']",437-239-7974,437-239-7974,1609.34,True,{},M6S 2R5,,,
7630,f8c67af6-e9c7-11ef-984e-124c66246c7d,Twelfth St / Thirteenth St,REGULAR,43.6002896,-79.5108692,0.0,Twelfth St / Thirteenth St,22,False,"['key', 'transitcard', 'creditcard', 'phone']","['West', 'Humber Bay Shores']",437-247-2289,437-247-2289,1609.34,True,{},M8V 4E2,,,
7631,f8c67d74-e9c7-11ef-984e-124c66246c7d,Florence Gell Park,REGULAR,43.66196582326018,-79.49851065277862,0.0,Florence Gell Park,15,False,"['key', 'transitcard', 'creditcard', 'phone']","['West', 'Bloor St W - High Park']",437-240-4174,437-240-4174,1609.34,True,{},M6S 4Z4,,,
7632,f8c67fe4-e9c7-11ef-984e-124c66246c7d,Chiltern Hill Rd / Eglinton Ave W,REGULAR,43.7004017,-79.4275305,0.0,Chiltern Hill Rd / Eglinton Ave W,17,False,"['key', 'transitcard', 'creditcard', 'phone']","['North', 'Eglinton Ave W']",437-233-9741,437-233-9741,1609.34,True,{},M6C 2C1,,,
7633,f8c68259-e9c7-11ef-984e-124c66246c7d,Noble St / Queen St W,REGULAR,43.64226917409186,-79.42920979115014,0.0,1266 Queen St W,15,False,"['key', 'transitcard', 'creditcard', 'phone']","['West', 'Liberty Village - Queen West']",437-239-9032,437-239-9032,1609.34,True,{},M6K 1L3,,Queen st w / noble st,
7635,f8c68730-e9c7-11ef-984e-124c66246c7d,Runnymede Rd / Annette St,REGULAR,43.6596299,-79.4799176,0.0,Runnymede Rd / Annette St,15,False,"['key', 'transitcard', 'creditcard', 'phone']","['West', 'Bloor St W - High Park']",437-249-4977,437-249-4977,1609.34,True,{},M6S 2Z6,,,
7636,f8c6899a-e9c7-11ef-984e-124c66246c7d,Bloor St W / Riverside Dr,REGULAR,43.647663,-79.487583,0.0,2511 bloor st w,23,False,"['key', 'transitcard', 'creditcard', 'phone']","['West', 'Bloor St W - High Park']",,,1609.34,True,{},M6S 5A6,,Bloor st w / riverside Ave,
7637,f8c68e5f-e9c7-11ef-984e-124c66246c7d,Judson St / Royal York Rd,REGULAR,43.6162721,-79.4990363,0.0,10 Judson St,19,False,"['key', 'transitcard', 'creditcard', 'phone']","['West', 'Humber Bay Shores']",,,1609.34,True,{},M8Z 1A6,,,
7639,f8c69360-e9c7-11ef-984e-124c66246c7d,135 Queens Wharf Rd - SMART,SMARTMAPFRAME,43.6399714,-79.39940399999999,0.0,135 Queens Warf,16,False,"['key', 'transitcard', 'phone']","['South', 'Fort York - Entertainment District']",0,0,1609.34,True,{},M5V 0E4,,Queens Wharf / Dan Leckie,
7640,f8c695bc-e9c7-11ef-984e-124c66246c7d,Spadina Rd / St. Clair Ave W,REGULAR,43.683979,-79.410657,0.0,333 St.Clair Ave West,15,False,"['key', 'transitcard', 'creditcard', 'phone']","['North', 'St Clair Ave W']",,,1609.34,True,{},M4V,,,
7641,f8c69823-e9c7-11ef-984e-124c66246c7d,Annette St / Dundas St W,REGULAR,43.6641174,-79.4588522,0.0,2659 Dundas St W,15,False,"['key', 'transitcard', 'creditcard', 'phone']","['West', 'Davenport - Dupont']",,,1609.34,True,{},M6P 1X9,,,
7642,f8c69a77-e9c7-11ef-984e-124c66246c7d,Yonge St / St. Clair Ave,REGULAR,43.68850460000001,-79.39416076812287,0.0,1451 Yonge Street,19,False,"['key', 'transitcard', 'creditcard', 'phone']","['North', 'Mid Town']",,,1609.34,True,{},M4T 1Z2,,Yonge / St Clair,
7643,f8c69ce7-e9c7-11ef-984e-124c66246c7d,Oriole Pkwy / Kilbarry Rd,REGULAR,43.6954486,-79.4026176,0.0,80 Oriole Parkway,19,False,"['key', 'transitcard', 'creditcard', 'phone']","['North', 'Mid Town']",,,1609.34,True,{},M5P 2G8,,Oriole / Kilbarry,
7644,f8c69f4c-e9c7-11ef-984e-124c66246c7d,East Lynn Ave / Danforth Ave,REGULAR,43.6850809,-79.3149901,0.0,108 East Lynn Avenue,15,False,"['key', 'transitcard', 'creditcard', 'phone']","['East', 'Danforth']",,,1609.34,True,{},M4C 1J7,,East Lynn / Danforth,
7645,f8c6a194-e9c7-11ef-984e-124c66246c7d,University of Toronto Scarborough,REGULAR,43.7842419,-79.1849889,0.0,1295-1307 Military Trail,16,False,"['key', 'transitcard', 'creditcard', 'phone']","['East', 'Scarborough - Rouge Hill']",,,1609.34,True,{},M1C 1A5,,,
7646,f8c6a3dd-e9c7-11ef-984e-124c66246c7d,University Ave / Richmond St W,REGULAR,43.64981903446256,-79.38641270251617,0.0,200 University Avenue,15,False,"['key', 'transitcard', 'creditcard', 'phone']","['South', 'Financial District']",,,1609.34,True,{},M5H 4G1,,,
7650,f8c6af7e-e9c7-11ef-984e-124c66246c7d,St. Clair West Subway Station - Heath St. W,REGULAR,43.686352,-79.415894,0.0,2 Heath Street West,23,False,"['key', 'transitcard', 'creditcard', 'phone']","['North', 'St Clair Ave W']",,,1609.34,True,{},M5P 3L6,,Heath / Lower Village Gate,
7653,f8c6b6a4-e9c7-11ef-984e-124c66246c7d,Bloor St W / Indian Rd,VAULT,43.65537092178271,-79.45717422945427,0.0,1660 Bloor Street West,15,False,"['key', 'transitcard', 'phone']",[],,,1609.34,True,{},M6P 1A8,,,
7654,f8c6b8f8-e9c7-11ef-984e-124c66246c7d,Bloor St W / Pacific Ave,REGULAR,43.65412449999999,-79.4636388,0.0,3 Pacific Avenue,7,False,"['key', 'transitcard', 'creditcard', 'phone']","['West', 'Bloor St W - High Park']",,,1609.34,True,{},M6P 3K6,,,
7655,f8c6bb75-e9c7-11ef-984e-124c66246c7d,Danforth Ave / Dewhurst Blvd,REGULAR,43.680207,-79.339243,0.0,896 Danforth Avenue,15,False,"['key', 'transitcard', 'creditcard', 'phone']","['East', 'Danforth']",,,1609.34,True,{},M4J 1L9,,Danforth/Dewhurst,
7656,f8c6be13-e9c7-11ef-984e-124c66246c7d,Bloor St W / Brock Ave,REGULAR,43.6589882,-79.438715,0.0,Bloor St W / Brock Av,11,False,"['key', 'transitcard', 'creditcard', 'phone']","['West', 'Bloor St W / Annex']",,,1609.34,True,{},M6H 1M9,,Bloor / Brock,
7657,f8c6c09d-e9c7-11ef-984e-124c66246c7d,1 Market St,ELECTRICBIKESTATION,43.6469928,-79.3706665,0.0,16c Lower Jarvis Street,20,True,"['key', 'transitcard', 'creditcard', 'phone']","['E-Charging ', 'East', 'Regent Park - Distillery']",1 Market St,1 Market St,1609.34,True,{},M5E 1N1,,Jarvis / esplanade,
7658,f8c6c500-e9c7-11ef-984e-124c66246c7d,King's Mill Park,REGULAR,43.64920406876699,-79.49336334201408,0.0,2639 Bloor St W,27,False,"['key', 'transitcard', 'creditcard', 'phone']","['West', 'Bloor St W - High Park']",,,1609.34,True,{},M8X 1A3,,Bloor St. W and Old Mill Trail,
7659,f8c6c789-e9c7-11ef-984e-124c66246c7d,Amroth Ave / Danforth Ave,REGULAR,43.6856128,-79.31168269999999,0.0,Amroth Ave / Danforth Ave,19,False,"['key', 'transitcard', 'creditcard', 'phone']","['East', 'Danforth']",,,1609.34,True,{},M4C 1K1,,Amroth/Danforth,
7660,f8c6c9e4-e9c7-11ef-984e-124c66246c7d,285 Victoria St,REGULAR,43.656633,-79.379625,0.0,285 Victoria St,39,False,"['key', 'transitcard', 'creditcard', 'phone']","['South', 'Financial District']",,,1609.34,True,{},M5B 2L6,,,
7662,f8c6d05d-e9c7-11ef-984e-124c66246c7d,Beaty Ave / Queen St W,REGULAR,43.6393107,-79.4408141,0.0,85 Beaty Avenue,19,False,"['key', 'transitcard', 'creditcard', 'phone']","['West', 'Liberty Village - Queen West']",,,1609.34,True,{},M6K 3B3,,Beaty Ave / Queen st W,
7663,f8c6d2de-e9c7-11ef-984e-124c66246c7d,Kilgour Rd / Rumsey Rd,REGULAR,43.718039,-79.371914,0.0,98 Glenvale Boulevard,17,False,"['key', 'transitcard', 'creditcard', 'phone']","['North', 'Thorncliffe Park - Sunnybrook']",,,1609.34,True,{},M4G 2V9,,Kilgour Rd / Rumsey Rd,
7664,f8c6d53a-e9c7-11ef-984e-124c66246c7d,Sunnybrook Health Centre - L Wing,REGULAR,43.72268,-79.37644,0.0,60 Raab Blvd,15,False,"['key', 'transitcard', 'creditcard', 'phone']","['North', 'Thorncliffe Park - Sunnybrook']",,,1609.34,True,{},M4N 1J7,,,
7665,f8c6dc03-e9c7-11ef-984e-124c66246c7d,Sunnybrook Health Centre - S Wing,REGULAR,43.720998,-79.377456,0.0,Test,11,False,"['key', 'transitcard', 'creditcard', 'phone']","['North', 'Thorncliffe Park - Sunnybrook']",,,1609.34,True,{},M4N 3M5,,,
7666,f8c6de82-e9c7-11ef-984e-124c66246c7d,Dundas St W / St Helen's Ave - SMART,SMARTMAPFRAME,43.6504218,-79.4407647,0.0,505 College Street,26,False,"['key', 'transitcard', 'phone']","['West', 'College St - Harbord St']",,,1609.34,True,{},M6K 1V6,,,
7667,f8c6e0ec-e9c7-11ef-984e-124c66246c7d,Spadina Ave / Sussex Ave ,REGULAR,43.66409979150254,-79.40279362757796,0.0,698 Spadina Avenue,14,False,"['key', 'transitcard', 'creditcard', 'phone']","['South', 'U of T - Hospital Row']",000-000-000,000-000-000,1609.34,True,{},M5S 2H8,,Spadina/Sussex,
7668,f8c6e68d-e9c7-11ef-984e-124c66246c7d,Simcoe St / Dundas St W,ELECTRICBIKESTATION,43.655103,-79.389295,0.0,Simcoe St / Dundas St W,20,True,"['key', 'transitcard', 'creditcard', 'phone']","['E-Charging ', 'South', 'U of T - Hospital Row']",4168489062,4168489062,1609.34,True,{},M5G 1W7,,Simcoe St / Dundas St W,
7671,f8c6f34a-e9c7-11ef-984e-124c66246c7d,Yonge St / Montgomery Ave - SMART,SMARTMAPFRAME,43.70960859570095,-79.39915125005619,0.0,25 Montgomery Ave,12,False,"['key', 'transitcard', 'phone']","['North', 'Mid Town']",4372381831,4372381831,1609.34,True,{},M4R 0A1,,Yonge St. and Montgomery,
7675,f8c7062d-e9c7-11ef-984e-124c66246c7d,1525 Dundas St W,REGULAR,43.64957,-79.432446,0.0,1529 Dundas Street West,15,False,"['key', 'transitcard', 'creditcard', 'phone']","['West', 'College St - Harbord St']",,,16093.4,True,{},M6K 1T6,,,
7676,f8c7092b-e9c7-11ef-984e-124c66246c7d,York University (Glendon Campus) - SMART,SMARTMAPFRAME,43.727365488246306,-79.3814254607724,0.0,"1 Chedington Pl, North York, ON M4N 3R4",16,False,"['key', 'transitcard', 'phone']","['North', 'Thorncliffe Park - Sunnybrook']",,,16093.4,True,{},M4N 3R4,,,
7677,f8c70f7c-e9c7-11ef-984e-124c66246c7d,1303 Yonge St - SMART,SMARTMAPFRAME,43.6846177,-79.39245919999999,0.0,1303 YONGE Street,15,False,"['key', 'transitcard', 'phone']","['North', 'Davenport - Dupont']",437-243-6382,437-243-6382,16093.4,True,{},M4T 2Y9,,,
7678,f8c71806-e9c7-11ef-984e-124c66246c7d,York University Station (South) - SMART,SMARTMAPFRAME,43.77345,-79.5002,0.0,York University Station - SMART,16,False,"['key', 'transitcard', 'phone']","['North', 'North York - York U']",437-992-6306,437-992-6306,16093.4,True,{},M3J,,,
7679,f8c71e63-e9c7-11ef-984e-124c66246c7d,York University Station (North),REGULAR,43.7741,-79.5005,0.0,York University Station,15,False,"['key', 'transitcard', 'creditcard', 'phone']","['North', 'North York - York U']",437-388-2557,437-388-2557,100.0,True,{},M3J,,,
7681,f8c72a8b-e9c7-11ef-984e-124c66246c7d,25 Booth Ave,ELECTRICBIKESTATION,43.6544839,-79.34105699999999,0.0,25 BOOTH AVE,24,True,"['key', 'transitcard', 'creditcard', 'phone']","['E-Charging ', 'East', 'Leslieville - Woodbine']",,,1609.34,True,{},M4M 2M3,,,
7682,f8c7314d-e9c7-11ef-984e-124c66246c7d,Bathurst St / Front St W,REGULAR,43.64134790000001,-79.4013882,0.0,Bathurst St / Front St W,35,False,"['key', 'transitcard', 'creditcard', 'phone']","['South', 'Fort York - Entertainment District']",647-620-9421,647-620-9421,3218.68,True,{},M5V 2P1,,,
7684,f8c73fb9-e9c7-11ef-984e-124c66246c7d,Bay St / Harbour St ,REGULAR,43.64215,-79.377,0.0,Bay St / Harbour St (East),23,False,"['key', 'transitcard', 'creditcard', 'phone']","['South', 'Watefront']",,,1609.34,True,{},M5E,,,
7685,f8c7422b-e9c7-11ef-984e-124c66246c7d,King St W / Brant St,REGULAR,43.645102,-79.39744979999999,0.0,522 King Street West,22,False,"['key', 'transitcard', 'creditcard', 'phone']","['South', 'Fort York - Entertainment District']",,,1000.0,True,{},M5V 1L7,,King / Brant,
7686,f8c744a1-e9c7-11ef-984e-124c66246c7d,Lower Jarvis St / The Esplanade,VAULT,43.6478206,-79.3704721,0.0,The Esplanade & Lower Jarvis St,15,False,"['key', 'transitcard', 'phone']","['East', 'Regent Park - Distillery']",,,1000.0,True,{},M5E 1Z2,,The Esplanade & Lower Jarvis St,
7687,f8c74798-e9c7-11ef-984e-124c66246c7d,Bloor St W / Gladstone Ave - SMART,SMARTMAPFRAME,43.6602021,-79.4342726,0.0,"1101 Bloor Street West, Toronto",12,False,"['key', 'transitcard', 'phone']","['West', 'Bloor St W / Annex']",,,1000.0,True,{},M6H 1M8,,Bloor / Gladstone,
7688,f8c749fb-e9c7-11ef-984e-124c66246c7d,High Park Blvd / Parkside Dr,REGULAR,43.64456431942226,-79.45737058972283,0.0,200 Parkside Drive,15,False,"['key', 'transitcard', 'creditcard', 'phone']","['West', 'Bloor St W - High Park']",,,1000.0,True,{},M6R 0A1,,High Park Blvd / Parkside Dr,
7691,f8c750ea-e9c7-11ef-984e-124c66246c7d,Christie St / Dupont St,REGULAR,43.67168,-79.421192,0.0,Christie St / Dupont St,19,False,"['key', 'transitcard', 'creditcard', 'phone']","['West', 'Davenport - Dupont']",,,1000.0,True,{},M6G 1Z4,,Christie St / Dupont St,
7692,f8c77344-e9c7-11ef-984e-124c66246c7d,85 Lee Ave,ELECTRICBIKESTATION,43.6700692,-79.2971326,0.0,85 Lee Ave,26,True,"['key', 'transitcard', 'creditcard', 'phone']","['E-Charging ', 'East', 'Leslieville - Woodbine']",,,50.0,True,{},M4E 2P1,,Queen St E / Lee Ave,
7693,f8c782d6-e9c7-11ef-984e-124c66246c7d,Mutual St / Shuter St,VAULT,43.654919677554936,-79.374960865926,0.0,77 Mutual Street ,23,False,"['key', 'transitcard', 'phone']","['South', 'Financial District']",,,1000.0,True,{},M5B 2A9,,Mutual St / Shuter St,
7694,f8c786c4-e9c7-11ef-984e-124c66246c7d,Victoria Park Ave / Dawes Rd,VAULT,43.706466,-79.29511,0.0,Victoria Park Ave / Dawes Rd,19,False,"['key', 'transitcard', 'phone']","['East', 'Scarborough - St. Clair']",,,1000.0,True,{},M4B 2K3,,Victoria Park Ave / Dawes Rd,
7695,f8c7896b-e9c7-11ef-984e-124c66246c7d,Queen St E / Joseph Duggan Rd,VAULT,43.6677628,-79.30811709999999,0.0,Queen St E and Joseph Duggan Rd,19,False,"['key', 'transitcard', 'phone']","['East', 'Leslieville - Woodbine']",,,1000.0,True,{},M4L 3Y2,,Queen St E / Joseph Duggan Rd,
7696,f8c78c11-e9c7-11ef-984e-124c66246c7d,Heyworth Cres / Kingston Rd,VAULT,43.6750806,-79.3068697,0.0,Heyworth Cres / Kingston Rd ,19,False,"['key', 'transitcard', 'phone']","['East', 'Leslieville - Woodbine']",,,1000.0,True,{},M4L 1T7,,,
7698,f8c7928d-e9c7-11ef-984e-124c66246c7d,St. Clair Ave W / Caledonia Rd,VAULT,43.67566643384946,-79.45393093300397,0.0,St Clair Ave W / Caledonia Rd,13,False,"['key', 'transitcard', 'phone']","['West', 'St Clair Ave W']",,,1000.0,True,{},M6E 1C7,,,
7699,f8c7ab87-e9c7-11ef-984e-124c66246c7d,St Clair Ave W / Oakwood Ave,VAULT,43.678177,-79.435364,0.0,St Clair Ave W / Oakwood Ave,15,False,"['key', 'transitcard', 'phone']","['North', 'St Clair Ave W']",,,1000.0,True,{},M6H 2M1,,,
7700,f8c7ae93-e9c7-11ef-984e-124c66246c7d,St. Clair Ave W / Robina Ave,VAULT,43.68005,-79.43469,0.0,St Clair Ave W / Robina Ave,15,False,"['key', 'transitcard', 'phone']","['North', 'St Clair Ave W']",,,1000.0,True,{},M6C1C6,,,
7701,f8c7b1c5-e9c7-11ef-984e-124c66246c7d,Roncesvalles Ave / Fermanagh Ave,VAULT,43.646314469245205,-79.44879407014527,0.0,Roncesvalles Ave / Fermanagh Ave,18,False,"['key', 'transitcard', 'phone']","['West', 'College St - Harbord St']",,,1000.0,True,{},M6R,,,
7702,f8c7b86c-e9c7-11ef-984e-124c66246c7d,111 Broadview Ave,ELECTRICBIKESTATION,43.6593483,-79.34993659999999,0.0,111 Broadview Ave,18,True,"['key', 'transitcard', 'creditcard', 'phone']","['E-Charging ', 'East', 'Leslieville - Woodbine']",,,1000.0,True,{},M4M 1H1,,,
7704,f8c7bd45-e9c7-11ef-984e-124c66246c7d,24 Mountjoy Ave,VAULT,43.68049350289877,-79.33044552721375,0.0,24 Mountjoy Ave,19,False,"['key', 'transitcard', 'phone']","['East', 'Danforth']",,,1000.0,True,{},M4J 1J6,,,
7705,f8c7c2ed-e9c7-11ef-984e-124c66246c7d,Colgate Ave / Carlaw Ave,VAULT,43.6623658,-79.3413344,0.0,88 Colgate Ave,19,False,"['key', 'transitcard', 'phone']","['East', 'Leslieville - Woodbine']",,,1000.0,True,{},M4M 3L1,,Colgate Ave and carlaw,
7706,f8c7c615-e9c7-11ef-984e-124c66246c7d,Felstead Ave/Gillard Ave (Monarch Park),VAULT,43.6791345,-79.3263159,0.0,Felstead Ave / Gillard Ave (Monarch Park),27,False,"['key', 'transitcard', 'phone']","['East', 'Danforth']",,,1000.0,True,{},M4J 1G4,,,
7707,f8c8020a-e9c7-11ef-984e-124c66246c7d,Coronation Park (Martin Goodman Trail),REGULAR,43.635007,-79.403341,0.0,7972 Remembrance Drive,19,False,"['key', 'transitcard', 'creditcard', 'phone']","['South', 'Watefront']",,,350.0,True,{},M5V 3T7,,,
7708,f8c804f7-e9c7-11ef-984e-124c66246c7d,101 Cedarvale Ave,ELECTRICBIKESTATION,43.6868681,-79.3110942,0.0,101 cedarvale Ave,28,True,"['key', 'transitcard', 'creditcard', 'phone']","['E-Charging ', 'East', 'Danforth']",,,50.0,True,{},M4C 4J7,,Cedarvale Ave And Strathmore Ave,
7709,f8c808dc-e9c7-11ef-984e-124c66246c7d,Beltline Trail / Yonge St,REGULAR,43.6962302,-79.39504339999999,0.0,5 Merton Street,23,False,"['key', 'transitcard', 'creditcard', 'phone']","['North', 'Mid Town']",,,350.0,True,{},M4S 3G4,,,
7710,f8c8110d-e9c7-11ef-984e-124c66246c7d,11 Spadina Rd,ELECTRICBIKESTATION,43.6677246,-79.4041365,0.0,11 SPADINA RD,18,True,"['key', 'transitcard', 'creditcard', 'phone']","['E-Charging ', 'North', 'Bloor St W / Annex']",,,350.0,True,{},M5R2S9,,,
7711,f8c81a0d-e9c7-11ef-984e-124c66246c7d,Havelock St / Dewson St,REGULAR,43.6554793,-79.4302462,0.0,71 Havelock Street,15,False,"['key', 'transitcard', 'creditcard', 'phone']","['West', 'College St - Harbord St']",,,350.0,True,{},M6H 3B3,,,
7712,f8c820b7-e9c7-11ef-984e-124c66246c7d,Queen St W / Shaw St,REGULAR,43.6442457,-79.41610440000001,0.0,999 Queen Street West,23,False,"['key', 'transitcard', 'creditcard', 'phone']","['West', 'Liberty Village - Queen West']",,,350.0,True,{},M6J 2W2,,,
7713,f8c83d7e-e9c7-11ef-984e-124c66246c7d,Temperance St / Bay St,VAULT,43.6506,-79.381285,0.0,55 Temperance St,19,False,"['key', 'transitcard', 'phone']","['South', 'Financial District']",,,350.0,True,{},M5H 2V6,,Temperance St / Bay St,
7715,f8c84bbb-e9c7-11ef-984e-124c66246c7d,Lumsden Ave / Cedarvale Ave,REGULAR,43.693187,-79.314283,0.0,324 Cedarvale Avenue,11,False,"['key', 'transitcard', 'creditcard', 'phone']","['East', 'Danforth']",,,350.0,True,{},M4C 4K4,,,
7716,f8c853e3-e9c7-11ef-984e-124c66246c7d,Church St / The Esplanade,REGULAR,43.6469251,-79.3733192,0.0,75 The Esplanade,19,False,"['key', 'transitcard', 'creditcard', 'phone']","['East', 'Financial District']",,,350.0,True,{},M5E 1Z4,,Church St / The Esplanade,
7717,f8c86928-e9c7-11ef-984e-124c66246c7d,Niagara St / Portland St,REGULAR,43.642453431392845,-79.39959004344777,0.0,18 Portland Street,11,False,"['key', 'transitcard', 'creditcard', 'phone']","['West', 'Fort York - Entertainment District']",,,350.0,True,{},M5V 1C2,,,
7718,f8c86cf3-e9c7-11ef-984e-124c66246c7d,St. Andrew's Playground Park,REGULAR,43.646552,-79.399586,0.0,8 Maud Street,11,False,"['key', 'transitcard', 'creditcard', 'phone']","['South', 'Fort York - Entertainment District']",,,350.0,True,{},M5V 2M5,,,
7719,f8c86fa9-e9c7-11ef-984e-124c66246c7d,Wolseley St / Augusta Ave,VAULT,43.6484201,-79.40051919999999,0.0,15 Denison Ave,28,False,"['key', 'transitcard', 'phone']","['South', 'Fort York - Entertainment District']",,,350.0,True,{},M5T 2M4,,,
7720,f8c87223-e9c7-11ef-984e-124c66246c7d,King St W / Portland St ,VAULT,43.644395,-79.40065430000001,0.0,620 King Street West,31,False,"['key', 'transitcard', 'phone']","['South', 'Fort York - Entertainment District']",,,350.0,True,{},M5V 1M6,,,
7721,f8c87476-e9c7-11ef-984e-124c66246c7d,Widmer St / King St W,REGULAR,43.6463574,-79.391206,0.0,360 King Street West,11,False,"['key', 'transitcard', 'creditcard', 'phone']","['South', 'Fort York - Entertainment District']",,,350.0,True,{},M5V 1J9,,,
7728,f8c887d6-e9c7-11ef-984e-124c66246c7d,Randolph Ave / Perth Ave,REGULAR,43.6585504,-79.4497659,0.0,152 Perth Avenue,19,False,"['key', 'transitcard', 'creditcard', 'phone']","['West', 'Bloor St W / Annex']",,,350.0,True,{},M6P 4G5,,,
7729,f8c88afa-e9c7-11ef-984e-124c66246c7d,265 Armadale Ave,ELECTRICBIKESTATION,43.6501644,-79.48296909999999,0.0,265 Armadale Ave,45,True,"['key', 'transitcard', 'creditcard', 'phone']","['E-Charging ', 'West', 'Bloor St W - High Park']",,,1000.0,True,{},M6S 1P5,,,
7731,f8c890dc-e9c7-11ef-984e-124c66246c7d,Victoria Park Ave / Kingston Rd,VAULT,43.68035,-79.28357,0.0,1085 Kingston Rd,15,False,"['key', 'transitcard', 'phone']","['East', 'Leslieville - Woodbine']",,,400.0,True,{},M4E 3S8,,Victoria Park Ave / Kingston Rd,
7732,f8c89386-e9c7-11ef-984e-124c66246c7d,Kingston Rd / Warden Ave,VAULT,43.68824135931814,-79.27046628033244,0.0,Kingston Rd / Warden Ave,15,False,"['key', 'transitcard', 'phone']","['East', 'Scarborough - St. Clair']",,,1000.0,True,{},M1N 1R5,,Kingston Rd / Warden Ave,
7733,f8c89609-e9c7-11ef-984e-124c66246c7d,Pharmacy Ave / Danforth Ave,VAULT,43.6929478,-79.28339980000001,0.0,Pharmacy Ave / Danforth Ave,15,False,"['key', 'transitcard', 'phone']","['East', 'Scarborough - St. Clair']",,,1000.0,True,{},M1L 4N7,,Pharmacy Ave / Danforth Ave,
7734,f8c89909-e9c7-11ef-984e-124c66246c7d,Danforth Ave / Warden Ave,VAULT,43.6950192,-79.27180659999999,0.0,Danforth Ave / Warden Ave,15,False,"['key', 'transitcard', 'phone']","['East', 'Scarborough - St. Clair']",,,1000.0,True,{},M1L 4G2,,Danforth Ave / Scotia Ave,
7735,f8c89cc5-e9c7-11ef-984e-124c66246c7d,Birchcliff Ave / Kingston Rd,VAULT,43.691688,-79.265027,0.0,Birchcliff Ave / Kingston Rd,15,False,"['key', 'transitcard', 'phone']","['East', 'Scarborough - St. Clair']",,,1000.0,True,{},M1M 1R9,,Birchcliff Ave / Kingston Rd,
7736,f8c89fb4-e9c7-11ef-984e-124c66246c7d,Birchmount Rd / Kingston Rd,VAULT,43.69401297794256,-79.26257204548136,0.0,Birchmount Rd / Kingston Rd,15,False,"['key', 'transitcard', 'phone']","['East', 'Scarborough - St. Clair']",,,1000.0,True,{},M1N 3J6,,Birchmount Rd / Kingston Rd,
7737,f8c8a298-e9c7-11ef-984e-124c66246c7d,Kingston Rd / Glen Everest Rd,VAULT,43.697490048103,-79.25655146462776,0.0,5 Glen Everest Rd (Rosetta McClain Gardens),15,False,"['key', 'transitcard', 'phone']","['East', 'Scarborough - St. Clair']",,,1000.0,True,{},M1N 1J2,,Kingston Rd / Glen Everest Rd,
7738,f8c8a588-e9c7-11ef-984e-124c66246c7d,Highview Ave / Kennedy Rd,VAULT,43.702418581463505,-79.2563167072858,0.0,150 Highview Avenue,15,False,"['key', 'transitcard', 'phone']","['East', 'Scarborough - St. Clair']",,,1000.0,True,{},M1N,,Highview Ave / Kennedy Rd,
7739,f8c8a872-e9c7-11ef-984e-124c66246c7d,Kingston Rd / Ridgemoor Ave,VAULT,43.70643614257429,-79.25104443353288,0.0,2301 Kingston Rd,15,False,"['key', 'transitcard', 'phone']","['East', 'Scarborough - St. Clair']",,,1000.0,True,{},M1N 1V1,,,
7740,f8c8abdd-e9c7-11ef-984e-124c66246c7d,Sharpe St / Park St (Sandown Park),VAULT,43.7105975,-79.2541175,0.0,50 Natal St,15,False,"['key', 'transitcard', 'phone']","['East', 'Scarborough - St. Clair']",,,1000.0,True,{},M1N,,,
7741,f8c8af42-e9c7-11ef-984e-124c66246c7d,Howard Park Ave / Parkside Dr,REGULAR,43.648657,-79.458111,0.0,119 Constance Street,15,False,"['key', 'transitcard', 'creditcard', 'phone']","['West', 'Bloor St W - High Park']",,,350.0,True,{},M6R 1S7,,,
7742,f8c8b238-e9c7-11ef-984e-124c66246c7d,Eglinton Ave W / Prospect Cemetery,VAULT,43.69415,-79.45782580000001,0.0,2067 EglintonAve W,19,False,"['key', 'transitcard', 'phone']","['North', 'Eglinton Ave W']",,,1000.0,True,{},M6E 2K7,,,
7743,f8c8b552-e9c7-11ef-984e-124c66246c7d,Eglinton Ave W / Gilbert Ave,VAULT,43.69254716689966,-79.46332759272917,0.0,2343 Eglinton Ave W,19,False,"['key', 'transitcard', 'phone']","['North', 'Eglinton Ave W']",,,1000.0,True,{},M6E 2L6,,,
7744,f8c8b87d-e9c7-11ef-984e-124c66246c7d,Rogers Rd / Prospect Cemetery,VAULT,43.68323,-79.455765,0.0,200 Rogers Rd,23,False,"['key', 'transitcard', 'phone']","['North', 'Eglinton Ave W']",,,1000.0,True,{},M6E 4L1,,,
7745,f8c8bb51-e9c7-11ef-984e-124c66246c7d,Bert Robinson Park,VAULT,43.688028,-79.460265,0.0,BERT ROBINSON PARK,15,False,"['key', 'transitcard', 'phone']","['North', 'Eglinton Ave W']",,,1000.0,True,{},M6E 4T8,,,
7746,f8c8bebd-e9c7-11ef-984e-124c66246c7d,Marlee Ave / York Beltline Trail,VAULT,43.70163,-79.44099,0.0,120 Marlee Ave,19,False,"['key', 'transitcard', 'phone']","['North', 'Eglinton Ave W']",,,1000.0,True,{},M6E 3B6,,,
7747,f8c8c165-e9c7-11ef-984e-124c66246c7d,Eglinton Ave W / Ennerdale Rd,VAULT,43.69469445325213,-79.45417562124922,0.0,1963 Eglinton Ave W,15,False,"['key', 'transitcard', 'phone']","['West', 'Eglinton Ave W']",,,1000.0,True,{},M6E 4E2,,,
7748,f8c8c3e4-e9c7-11ef-984e-124c66246c7d,Bloor St W / Old Mill Trl,VAULT,43.65016869999999,-79.4963345,0.0,2682 Bloor St W,19,False,"['key', 'transitcard', 'phone']","['West', 'Bloor St W - High Park']",,,1000.0,True,{},M8X 1A5,,,
7749,f8c8c70d-e9c7-11ef-984e-124c66246c7d,Wendover Rd / Bloor St W (Green P),VAULT,43.6492,-79.50601999999999,0.0,342 Prince Edward Dr N,15,False,"['key', 'transitcard', 'phone']","['West', 'Bloor St W - High Park']",,,1000.0,True,{},M8X 1B2,,,
7750,f8c8ca13-e9c7-11ef-984e-124c66246c7d,Luttrell Ave / Danforth Ave,REGULAR,43.6897656,-79.2939525,0.0,Luttrell Ave / Danforth Ave,15,False,"['key', 'transitcard', 'creditcard', 'phone']","['East', 'Danforth']",,,1000.0,True,{},M4C 1M3,,,
7751,f8c8ccbf-e9c7-11ef-984e-124c66246c7d,Willingdon Blvd / Bloor St W (Green P),VAULT,43.64817,-79.510392,0.0,9 Willingdon Blvd,15,False,"['key', 'transitcard', 'phone']","['West', 'Bloor St W - High Park']",,,1000.0,True,{},M8X 2H1,,,
7752,f8c8d01f-e9c7-11ef-984e-124c66246c7d,1926 Lake Shore Blvd W,VAULT,43.6357643,-79.4674917,0.0,1926 Lake Shore Blvd W,23,False,"['key', 'transitcard', 'phone']","['West', 'Humber Bay Shores']",,,1000.0,True,{},M6S 1A1,,,
7753,f8c8d297-e9c7-11ef-984e-124c66246c7d,36 Park Lawn Rd,VAULT,43.62369169999999,-79.4838132,0.0,36A Park Lawn Road,15,False,"['key', 'transitcard', 'phone']","['West', 'Humber Bay Shores']",,,350.0,True,{},M8V 0E5,,,
7754,f8c8d4ee-e9c7-11ef-984e-124c66246c7d,Walter Saunders Park,VAULT,43.699327072589426,-79.4493630391668,0.0,481 Locksley Avenue,14,False,"['key', 'transitcard', 'phone']","['North', 'Eglinton Ave W']",,,350.0,True,{},M6E 2S5,,,
7755,f8c8d746-e9c7-11ef-984e-124c66246c7d,Park Lawn Rd / Berry Rd,VAULT,43.63605238134247,-79.49325238769686,0.0,316 Park Lawn Road,15,False,"['key', 'transitcard', 'phone']","['West', 'Bloor St W - High Park']",,,350.0,True,{},M8Y 3K2,,,
7756,f8c8d997-e9c7-11ef-984e-124c66246c7d,Tobermory Dr / Finch Corridor Trail,VAULT,43.761817236772615,-79.5107049103119,0.0,Tobemory Dr / Finch Hydro Recreational Trail,19,False,"['key', 'transitcard', 'phone']","['North', 'North York - York U']",,,350.0,True,{},M3N 2R7,,,
7757,f8c8dc4c-e9c7-11ef-984e-124c66246c7d,The Well,ELECTRICBIKESTATION,43.643025055165865,-79.39430137761319,0.0,The Well,19,True,"['key', 'transitcard', 'creditcard', 'phone']","['E-Charging ', 'South', 'Fort York - Entertainment District']",,,350.0,True,{},M5V 2H6,,,
7758,f8c8dec7-e9c7-11ef-984e-124c66246c7d,Driftwood Ave / Finch Corridor Trail,VAULT,43.7603624,-79.5162777,0.0,Driftwood Ave / Finch Hydro Trail,15,False,"['key', 'transitcard', 'phone']","['North', 'North York - York U']",,,1000.0,True,{},M3N 2N4,,,
7759,f8c8e14e-e9c7-11ef-984e-124c66246c7d,The Pond Rd / Shoreham Dr,VAULT,43.772445,-79.511912,0.0,1804 Ian Macdonald Boulevard,15,False,"['key', 'transitcard', 'phone']","['North', 'North York - York U']",,,350.0,True,{},M3J 3M4,,,
7760,f8c8e422-e9c7-11ef-984e-124c66246c7d,Grand Avenue Park,VAULT,43.623708,-79.490054,0.0,45 Grand Avenue,23,False,"['key', 'transitcard', 'phone']","['West', 'Humber Bay Shores']",,,350.0,True,{},M8Y 0A7,,,
7761,f8c8e72b-e9c7-11ef-984e-124c66246c7d,Moss Park,REGULAR,43.655972,-79.370638,0.0,152 Shuter Street,15,False,"['key', 'transitcard', 'creditcard', 'phone']","['East', 'Regent Park - Distillery']",,,350.0,True,{},M5A 1V9,,,
7762,f8c8eb5f-e9c7-11ef-984e-124c66246c7d,College St / Henry St ,REGULAR,43.6591529,-79.3947953,0.0,184 College St,13,False,"['key', 'transitcard', 'creditcard', 'phone']","['North', 'U of T - Hospital Row']",,,350.0,True,{},M5S 3E4,,,
7765,f8c8f4c0-e9c7-11ef-984e-124c66246c7d,St. John's Rd / Dundas St W,REGULAR,43.66526761605873,-79.47502122887077,0.0,St. John's Rd / Dundas St W,15,False,"['key', 'transitcard', 'creditcard', 'phone']","['West', 'Bloor St W - High Park']",4168938980,4168938980,400.0,True,{},M6P 1T7,,St. John's Rd / Dundas St W,
7766,f8c8f7cd-e9c7-11ef-984e-124c66246c7d,Albany Ave / Bloor St W,REGULAR,43.66554144421798,-79.41010317605742,0.0,496 Bloor St W,15,False,"['key', 'transitcard', 'creditcard', 'phone']","['North', 'Annex Efit drop off', 'Bloor St W / Annex']",W11- University - Rosedale,W11- University - Rosedale,300.0,True,{},M5S 1Y3,True,,Valet to support the Arkells concert.
7767,f8c8fcba-e9c7-11ef-984e-124c66246c7d,Pioneer Village Subway Station,REGULAR,43.77649016265579,-79.5085364909097,0.0,Pioneer Village Subway Station,11,False,"['key', 'transitcard', 'creditcard', 'phone']","['North', 'North York - York U']",416-893-8980,416-893-8980,1000.0,True,{},M7A 2C5,,,
7768,f8c8ff3e-e9c7-11ef-984e-124c66246c7d,Armoury St / Chestnut St,REGULAR,43.65351799690878,-79.38591063795928,0.0,361 University Ave,14,False,"['key', 'transitcard', 'creditcard', 'phone']","['South', 'Financial District']",Ward 10 - Spadina -Fort York,Ward 10 - Spadina -Fort York,200.0,True,{},M5G 1T3,,,
7769,f8c901e2-e9c7-11ef-984e-124c66246c7d,Lake Shore Blvd W / Brow Dr,REGULAR,43.591410003452495,-79.54418190344097,0.0,Lake Shore Blvd W / Brow Dr,15,False,"['key', 'transitcard', 'creditcard', 'phone']","['West', 'Humber Bay Shores']",Long Branch Loop ,Long Branch Loop ,350.0,True,{},M8W 3P6,,,
7770,f8c9094a-e9c7-11ef-984e-124c66246c7d,Spadina Ave / Sullivan St,REGULAR,43.65082785552666,-79.39698099821702,0.0,215 Spadina Ave,23,False,"['key', 'transitcard', 'creditcard', 'phone']","['South', 'Fort York - Entertainment District']",South-East of intersection ,South-East of intersection ,300.0,True,{},M5T 2C7,,,
7771,f8c90bfb-e9c7-11ef-984e-124c66246c7d,St. Clair Ave W / Osler St,VAULT,43.6739269797493,-79.46068479021301,0.0,St. Clair Ave W / Osler St,11,False,"['key', 'transitcard', 'phone']","['West', 'St Clair Ave W']",1753 St. Clair Ave W,1753 St. Clair Ave W,350.0,True,{},M6N 1J4,,,
7772,f8c9113f-e9c7-11ef-984e-124c66246c7d,Simcoe St / King St W,REGULAR,43.647508351306186,-79.38604436555764,0.0,Simcoe St / King St W,15,False,"['key', 'transitcard', 'creditcard', 'phone']","['South', 'Financial District']",North- East of the Intersection ,North- East of the Intersection ,350.0,True,{},,,,
7773,f8c9147b-e9c7-11ef-984e-124c66246c7d,Grenoble Dr / Gateway Blvd,VAULT,43.71513211098082,-79.33413623320465,0.0,5 Grenoble Dr,14,False,"['key', 'transitcard', 'phone']","['East', 'Thorncliffe Park - Sunnybrook']",Ward 16 - Fronting Grenoble Dr,Ward 16 - Fronting Grenoble Dr,500.0,True,{},M3C 1C3,,,
7774,f8c91a53-e9c7-11ef-984e-124c66246c7d,Grenoble Dr / Deauville Ln,VAULT,43.71649675774656,-79.33089439933623,0.0,48 Grenoble Dr,15,False,"['key', 'transitcard', 'phone']","['East', 'Thorncliffe Park - Sunnybrook']",Ward 16 - 48 Grenoble drive ,Ward 16 - 48 Grenoble drive ,500.0,True,{},M3C 1C8,,,
7775,f8c920e4-e9c7-11ef-984e-124c66246c7d,Grenoble Dr / Vendome Pl,VAULT,43.715537998967406,-79.32811427663442,0.0,75 Grenoble Dr,11,False,"['key', 'transitcard', 'phone']","['East', 'Thorncliffe Park - Sunnybrook']",Ward 16 - 75 Grenoble Dr,Ward 16 - 75 Grenoble Dr,500.0,True,{},M3C 1E1,,,
7776,f8c92778-e9c7-11ef-984e-124c66246c7d,Ferrand Dr / Rochefort Dr,VAULT,43.719632535237835,-79.33199950866776,0.0,250 Ferrand Dr,19,False,"['key', 'transitcard', 'phone']","['East', 'Thorncliffe Park - Sunnybrook']",Ward 16 - 250 Ferrand Dr,Ward 16 - 250 Ferrand Dr,500.0,True,{},M3C 3G8,,,
7777,f8c943b6-e9c7-11ef-984e-124c66246c7d,Thorncliffe Park Dr / Leaside Park Trail,VAULT,43.70400405297843,-79.34807015078738,0.0,12 Thorncliffe Park Dr,15,False,"['key', 'transitcard', 'phone']","['East', 'Thorncliffe Park - Sunnybrook']",Ward 15 - 12 Thorncliffe Park Dr,Ward 15 - 12 Thorncliffe Park Dr,498.0,True,{},M4H 1N8,,,
7778,f8c94af2-e9c7-11ef-984e-124c66246c7d,75 Thorncliffe Park Dr,VAULT,43.70518328279426,-79.34224729962946,0.0,75 Thorncliffe Park Dr,11,False,"['key', 'transitcard', 'phone']","['North', 'Thorncliffe Park - Sunnybrook']",Ward 15 - 75 Thorncliffe Park Dr,Ward 15 - 75 Thorncliffe Park Dr,500.0,True,{},M4H 1L4,,,
7779,f8c955f4-e9c7-11ef-984e-124c66246c7d,165 McRae Dr,VAULT,43.70587454662511,-79.36800595602851,0.0,165 McRae Dr,15,False,"['key', 'transitcard', 'phone']","['North', 'Thorncliffe Park - Sunnybrook']",Ward 15 - 165 McRae Dr ,Ward 15 - 165 McRae Dr ,500.0,True,{},M4G 1S8,,,
7780,f8c959bf-e9c7-11ef-984e-124c66246c7d,Mount Pleasant Rd / Davisville Ave - SMART,SMARTMAPFRAME,43.70088225686968,-79.38736016665911,0.0,220 Davisville Ave (June Rowlands Park),16,False,"['key', 'transitcard', 'phone']","['North', 'Mid Town']",Ward 12 - 220 Davisville Ave (JR Park),Ward 12 - 220 Davisville Ave (JR Park),500.0,True,{},M4S,,,
7781,f8c95cef-e9c7-11ef-984e-124c66246c7d,St. Clair Ave W / Avenue Rd ,VAULT,43.68688938028234,-79.40099513147447,0.0,525 Avenue Rd (Amsterdam Square),13,False,"['key', 'transitcard', 'phone']","['North', 'Mid Town']",Ward 12 - 525 avenue Rd (Amsterdam Sq),Ward 12 - 525 avenue Rd (Amsterdam Sq),500.0,True,{},M4V 2J7,,,
7782,f8c960cd-e9c7-11ef-984e-124c66246c7d,Downsview Park Subway Station - SMART,SMARTMAPFRAME,43.753107,-79.479626,0.0,25 Vitti St,20,False,"['key', 'transitcard', 'phone']","['North', 'North York - York U']",Ward 6 - 25 Vitti St,Ward 6 - 25 Vitti St,500.0,True,{},M3K 2C1,,Downsview Park Subway Station,
7783,f8c9650f-e9c7-11ef-984e-124c66246c7d,60 Carl Hall Rd - SMART,SMARTMAPFRAME,43.74796393423666,-79.47521217354125,0.0,60 Carl Hall Rd,20,False,"['key', 'transitcard', 'phone']","['North', 'North York - York U']",Ward 6 - 60 Carl Hall Rd,Ward 6 - 60 Carl Hall Rd,950.0,True,{},M3K 2C1,,60 Carl Hall Rd,
7784,f8c967e0-e9c7-11ef-984e-124c66246c7d,Downsview Park Blvd / Keele St  - SMART,SMARTMAPFRAME,43.73673829262113,-79.48227195568086,0.0,60 George Butchart Dr,20,False,"['key', 'transitcard', 'phone']","['North', 'North York - York U']",Ward 6 - 60 George Butchart Dr,Ward 6 - 60 George Butchart Dr,500.0,True,{},M3K,,Downsview Park Blvd / Keele St,
7785,f8c96ac8-e9c7-11ef-984e-124c66246c7d,Keele St / Dovehouse Ave - SMART,SMARTMAPFRAME,43.7494501,-79.4869662,0.0,2 John Drury Dr,16,False,"['key', 'transitcard', 'phone']","['North', 'North York - York U']",Ward 6 - 2 John Drury Dr,Ward 6 - 2 John Drury Dr,500.0,True,{},M3M 2Y9,,Keele St / Dovehouse Ave ,
7787,f8c97180-e9c7-11ef-984e-124c66246c7d,HTO Park West,REGULAR,43.63737145931921,-79.38976958703309,0.0,375 Queens Quay West,31,False,"['key', 'transitcard', 'creditcard', 'phone']","['South', 'Watefront']",HTO Park West - Queen Quay W ,HTO Park West - Queen Quay W ,200.0,True,{},M5V 1A2,False,,
7788,f8c97411-e9c7-11ef-984e-124c66246c7d,Queens Quay E / Lower Jarvis St ,REGULAR,43.64365842913001,-79.36908579410101,0.0,Queens Quay E / Lower Jarvis St ,47,False,"['key', 'transitcard', 'creditcard', 'phone']","['East', 'Watefront']",,,100.0,True,{},,,,
7789,f8c97776-e9c7-11ef-984e-124c66246c7d,75 Holly St,ELECTRICBIKESTATION,43.7063279,-79.3962499,0.0,75 Holly St - Green P,23,True,"['key', 'transitcard', 'creditcard', 'phone']","['E-Charging ', 'North', 'Mid Town']",75 Holly St - (Inside Green P ),75 Holly St - (Inside Green P ),500.0,True,{},M4S 3A5,,Holly St / Eglinton St ,
7790,f8c97a04-e9c7-11ef-984e-124c66246c7d,Lynn Williams St / Pirandello St ,REGULAR,43.639124514797004,-79.41423166721611,0.0,Lynn William St / Pirandello St ,17,False,"['key', 'transitcard', 'creditcard', 'phone']","['West', 'Liberty Village - Queen West']",,,200.0,True,{},M6K,,Lynn William St / Pirandello St ,
7791,f8c97c8d-e9c7-11ef-984e-124c66246c7d,Ossington Ave / Bruce St,REGULAR,43.64570236705167,-79.41933192053696,0.0,Ossington Ave / Bruce St,15,False,"['key', 'transitcard', 'creditcard', 'phone']","['West', 'Liberty Village - Queen West']",,,350.0,True,{},,,Ossington Ave / Bruce St,
7792,f8c97ef3-e9c7-11ef-984e-124c66246c7d,Gladstone Ave / Queen St W,VAULT,43.64314139337404,-79.42728015945511,0.0,8 Gladstone Ave,15,False,"['key', 'transitcard', 'phone']",['West'],8 Gladstone Ave,8 Gladstone Ave,50.0,True,{},M6J 0B3,,Gladstone Ave / Queen St W,
7794,f8c983a7-e9c7-11ef-984e-124c66246c7d,York St / Harbour St (Love Park),,43.64101663053319,-79.38035903750381,0.0,York St / Harbour St (Love Park),16,False,,"['South', 'Watefront', 'Pillar']",96 Queens Quay W,96 Queens Quay W,350.0,True,{},M5J,,york st and harbour st ,
7796,f8c98953-e9c7-11ef-984e-124c66246c7d,Dundas St E / River St,VAULT,43.661152,-79.358505,0.0,Dundas St E / River St,19,False,"['key', 'transitcard', 'phone']","['East', 'Regent Park - Distillery']",,,1000.0,True,{},,,Dundas St E and River St,
7798,f8c98e64-e9c7-11ef-984e-124c66246c7d,Shuter St/River St,VAULT,43.659296,-79.358035,0.0,Shuter St / River St,15,False,"['key', 'transitcard', 'phone']","['East', 'Regent Park - Distillery']",,,100.0,True,{},,,,
7799,f8c990c7-e9c7-11ef-984e-124c66246c7d,Danforth Ave / Danforth Rd,VAULT,43.69362206784152,-79.27710529695892,0.0,Danforth Ave / Danforth Rd,15,False,"['key', 'transitcard', 'phone']","['East', 'Scarborough - St. Clair']",Ward 20  @ 3475 Danforth Ave,Ward 20  @ 3475 Danforth Ave,500.0,True,{},M1L 1E2,,,
7800,f8c99327-e9c7-11ef-984e-124c66246c7d,Brimley Rd / McCowan District Park,VAULT,43.72704086366749,-79.24391402446746,0.0,Brimley Rd / McCowan District Park,19,False,"['key', 'transitcard', 'phone']","['East', 'Scarborough - Rouge Hill']",Ward 20 -150 Brimley Rd,Ward 20 -150 Brimley Rd,1000.0,True,{},M1M 3T1,,Brimley Rd / McCowan District Park Trail,
7801,f8c99678-e9c7-11ef-984e-124c66246c7d,Parkcrest Dr / Kingston Rd,VAULT,43.73596719224253,-79.21995221481933,0.0,39-45 Parkcrest Dr,15,False,"['key', 'transitcard', 'phone']","['East', 'Scarborough - Rouge Hill']",Ward 20 - (39 -45  Parkcrest Dr),Ward 20 - (39 -45  Parkcrest Dr),1000.0,True,{},M1M 3S5,,Kingston Rd / Parkcrest Dr,
7802,f8c99946-e9c7-11ef-984e-124c66246c7d,King St W / Jameson Ave - SMART,SMARTMAPFRAME,43.63735795888104,-79.43617975886079,0.0,1430 King St W,12,False,"['key', 'transitcard', 'phone']","['West', 'Liberty Village - Queen West']",Ward 4 - (1430 King St W),Ward 4 - (1430 King St W),350.0,True,{},M6K 1H8,,King St W / Jameson Ave,
7803,f8c99bc7-e9c7-11ef-984e-124c66246c7d,Scarborough Soccer Centre,VAULT,43.7154661,-79.2876595,0.0,"45 Fairfax Crescent, Toronto, ON, M1L 1Z6",19,False,"['key', 'transitcard', 'phone']","['East', 'Scarborough - St. Clair']",Ward 20 - ( 45 Fairfax Cres),Ward 20 - ( 45 Fairfax Cres),300.0,True,{},M1L 1Z6,,Fairfax Crescent / Evandale Rd,
7804,f8c99e33-e9c7-11ef-984e-124c66246c7d,Lansdowne Ave / Seaforth Ave ,VAULT,43.642904395956684,-79.43746059447746,0.0,75 Lansdowne Ave,11,False,"['key', 'transitcard', 'phone']",['West'],Ward 4 - (75 Lansdowne Ave),Ward 4 - (75 Lansdowne Ave),350.0,True,{},M6K 2W1,,,
7805,f8c9a096-e9c7-11ef-984e-124c66246c7d,Pharmacy Ave / Teesdale Pl,VAULT,43.697356080874876,-79.28528711019696,0.0,125 Pharmacy Ave,19,False,"['key', 'transitcard', 'phone']","['East', 'Scarborough - St. Clair']",Ward 20 - (125 Pharmacy Ave),Ward 20 - (125 Pharmacy Ave),500.0,True,{},M1L 3E7,,PHARMACY AVE AND TEESDALE PL,
7806,f8c9a384-e9c7-11ef-984e-124c66246c7d,Danforth Rd / Birchmount Rd ,VAULT,43.70688,-79.26850999999999,0.0,438 Danforth Rd,15,False,"['key', 'transitcard', 'phone']","['East', 'Scarborough - St. Clair']",Ward 20 - (438 Danforth Rd ),Ward 20 - (438 Danforth Rd ),500.0,True,{},M1L 3X6,,Danforth Rd / Birchmount Rd ,
7807,f8c9a5f0-e9c7-11ef-984e-124c66246c7d,552 Birchmount Rd,VAULT,43.71176278859601,-79.27028152889692,0.0,552 Birchmount Rs,15,False,"['key', 'transitcard', 'phone']","['East', 'Scarborough - St. Clair']",Ward 20 - (552 Birchmount Rd),Ward 20 - (552 Birchmount Rd),350.0,True,{},M1K 1P4,,Birchmount Rd /  Zenith Dr,
7808,f8c9a851-e9c7-11ef-984e-124c66246c7d,Eastgate Cres / Pharmacy Ave ,VAULT,43.7110442448186,-79.29127313845584,0.0,Eastgate Ct / Pharmacy Ave ,15,False,"['key', 'transitcard', 'phone']","['East', 'Scarborough - St. Clair']",Ward 20 -(645 Pharmacy Ave),Ward 20 -(645 Pharmacy Ave),350.0,True,{},M1L 3H3,,Eastgate Ct / Pharmacy Ave,
7809,f8c9aaa1-e9c7-11ef-984e-124c66246c7d,Firvalley Ct / Warden Ave,VAULT,43.7032112,-79.2787149,0.0,Firvalley Ct / Warden Ave,19,False,"['key', 'transitcard', 'phone']","['East', 'Scarborough - St. Clair']",Ward 20 -(49 Firvalley Ct),Ward 20 -(49 Firvalley Ct),350.0,True,{},M1L 1P2,,Firvalley Ct / Warden Ave ,
7810,f8c9ad27-e9c7-11ef-984e-124c66246c7d,Avenue Rd / Cumberland St ,VAULT,43.669821695059376,-79.39444614603269,0.0,13 Avenue Rd,15,False,"['key', 'transitcard', 'phone']","['South', 'Church Wellesley / Yorkville']",Ward 11 - (13 Avenue Rd),Ward 11 - (13 Avenue Rd),100.0,True,{},M5R 1A8,, Avenue Rd / Cumberland St ,
7811,f8c9af7e-e9c7-11ef-984e-124c66246c7d,Midland Ave / Kingston Rd,VAULT,43.7128578,-79.2487086,0.0,425 Midland Ave,19,False,"['key', 'transitcard', 'phone']","['East', 'Scarborough - St. Clair']",Ward 20-(425 Midland Ave),Ward 20-(425 Midland Ave),350.0,True,{},M1N 4A5,,Midland Ave/ Kingston  Rd,
7812,f8c9b238-e9c7-11ef-984e-124c66246c7d,Bellamy Rd S / Kingston Rd,VAULT,43.7323277855009,-79.22496619876934,0.0,10 Bellamy Rd S,19,False,"['key', 'transitcard', 'phone']","['East', 'Scarborough - Rouge Hill']",Ward 20-(10 Bellamy Rd S),Ward 20-(10 Bellamy Rd S),35.0,True,{},M1M 3N8,,Bellamy Rd S / Kingston Rd,
7813,f8c9b579-e9c7-11ef-984e-124c66246c7d,Yonge St / Merton St ,VAULT,43.6962750705313,-79.39629396191867,0.0,1835 Yonge St. ,23,False,"['key', 'transitcard', 'phone']","['North', 'Mid Town']",Ward 12 - (Davisville TTC Subway Station),Ward 12 - (Davisville TTC Subway Station),100.0,True,{},M4S1X8,,Yonge St / Merton St ,
7814,f8c9b7fe-e9c7-11ef-984e-124c66246c7d,Fenwood Ht / Kingston Rd,VAULT,43.72690169821676,-79.22920396582664,0.0,Fenwood Ht / Kingston Rd,15,False,"['key', 'transitcard', 'phone']","['East', 'Scarborough - Rouge Hill']",Ward 20 - (3105 Kingston Rd),Ward 20 - (3105 Kingston Rd),350.0,True,{},M1M 1P1,,Fenwood Ht / Kingston Rs,
7815,f8c9ba94-e9c7-11ef-984e-124c66246c7d,Avenue Rd / Macpherson Ave ,VAULT,43.67794376009951,-79.39836278587889,0.0,Avenue Rd / Macpherson Ave ,15,False,"['key', 'transitcard', 'phone']","['North', 'Davenport - Dupont']",Ward 12 - (226 Macpherson Ave),Ward 12 - (226 Macpherson Ave),500.0,True,{},M4V 2M2,,,
7816,f8c9bceb-e9c7-11ef-984e-124c66246c7d,Bay St / Dundas St W,VAULT,43.655350778457056,-79.38345966759798,0.0,Bay St / Dundas St W,55,False,"['key', 'transitcard', 'phone']","['South', 'Financial District']",Ward 13 - (65 Dundas St W),Ward 13 - (65 Dundas St W),200.0,True,{},M5G 2C3,,Bay St / Dundas St W,
7817,f8c9bf6d-e9c7-11ef-984e-124c66246c7d,Shaw St / King St W,VAULT,43.6412561641921,-79.41502994047545,0.0,Shaw St / King St W,15,False,"['key', 'transitcard', 'phone']","['West', 'Liberty Village - Queen West']",Ward 10 - (1007 King St W),Ward 10 - (1007 King St W),350.0,True,{},M6K 3N3,,Shaw St / King St W ,
7818,f8c9c222-e9c7-11ef-984e-124c66246c7d,Soudan Ave / Yonge St ,VAULT,43.70430959999999,-79.3972815,0.0,3 Soudan Ave,19,False,"['key', 'transitcard', 'phone']","['North', 'Mid Town']",Ward 12 - (3 Soudan Ave),Ward 12 - (3 Soudan Ave),350.0,True,{},M4S 0C6,,Soudan Ave / Yonge St,
7819,f8c9c4c7-e9c7-11ef-984e-124c66246c7d,Avenue Rd / Oxton Ave ,VAULT,43.69711160305226,-79.40537298227844,0.0,755 Avenue Rd,15,False,"['key', 'transitcard', 'phone']","['North', 'Mid Town']",Ward 12 - (755 Avenue Rd),Ward 12 - (755 Avenue Rd),350.0,True,{},M5P 2J9,,,
7820,f8c9c71a-e9c7-11ef-984e-124c66246c7d,1612 Danforth Ave ,ELECTRICBIKESTATION,43.68370788065334,-79.32262453633884,0.0,1612 Danforth Ave ,15,True,"['key', 'transitcard', 'creditcard', 'phone']","['E-Charging ', 'East', 'Danforth']",EBS - (1612 Danforth Ave @CP110),EBS - (1612 Danforth Ave @CP110),350.0,True,{},M4C 1H6,,,
7821,f8c9c993-e9c7-11ef-984e-124c66246c7d,Lisgar St / Queen St W - SMART,SMARTMAPFRAME,43.64299174164139,-79.42355911563249,0.0,1117 Queen St W ,20,False,"['key', 'transitcard', 'phone']","['West', 'Liberty Village - Queen West']",Ward 9 - (1117 Queen St W ),Ward 9 - (1117 Queen St W ),100.0,True,{},M6J 3X7,,,
7822,f8c9cbe7-e9c7-11ef-984e-124c66246c7d,Leslie St / Commissioners St  ,VAULT,43.657275497390124,-79.32661544194183,0.0,Leslie St / Commissioners St  ,19,False,"['key', 'transitcard', 'phone']","['East', 'Leslieville - Woodbine']",Ward14 - (1165 Lake Shore Blvd E),Ward14 - (1165 Lake Shore Blvd E),300.0,True,{},M4M 3M9,,Leslie St / Commissioners St,
7824,f8c9d187-e9c7-11ef-984e-124c66246c7d,Warden Subway Station,VAULT,43.71161098023304,-79.28055565662231,0.0,701 Warden Ave,19,False,"['key', 'transitcard', 'phone']","['East', 'Scarborough - St. Clair']",Ward 20 - (701 Warden Ave),Ward 20 - (701 Warden Ave),350.0,True,{},M1L 3Z5,,Warden Ave / St Claire Ave E,
7825,f8c9d43d-e9c7-11ef-984e-124c66246c7d,Kingston Rd / Scarborough Golf Club Rd,VAULT,43.74531103700256,-79.20970650787817,0.0,Kingston Rd / Scarborough Golf Club Rd,14,False,"['key', 'transitcard', 'phone']","['East', 'Scarborough - Rouge Hill']",Ward 24 - (78 Scarborough Gulf Club Rd),Ward 24 - (78 Scarborough Gulf Club Rd),500.0,True,{},M1M 3C5,,Kingston Rd / Scarborough Golf Club Rd,
7826,f8c9d6fe-e9c7-11ef-984e-124c66246c7d,Greenwood Ave / Gerrard St E,VAULT,43.67036917803197,-79.32782698645094,0.0,Greenwood Ave / Gerrard St E,15,False,"['key', 'transitcard', 'phone']","['East', 'Leslieville - Woodbine']",Ward 14 (208 Greenwood Ave),Ward 14 (208 Greenwood Ave),350.0,True,{},M4L 2R1,,,
7827,f8c9da55-e9c7-11ef-984e-124c66246c7d,Chatham Ave / Byron Ave,VAULT,43.6798678328407,-79.33424613862303,0.0,163 Chatham Ave,15,False,"['key', 'transitcard', 'phone']","['East', 'Danforth']",Ward 14 - (163 Chatham Ave),Ward 14 - (163 Chatham Ave),500.0,True,{},M4J 1K8,,Chatham Ave / Byron Ave,
7828,f8c9df2b-e9c7-11ef-984e-124c66246c7d,Wakunda Pl / O'Connor Dr,VAULT,43.71602024377182,-79.3047092517501,0.0,Wakunda Pl / O'Connor Dr,11,False,"['key', 'transitcard', 'phone']","['East', 'Scarborough - St. Clair']",Ward 19 - (1665 O'Connor Dr),Ward 19 - (1665 O'Connor Dr),500.0,True,{},M4A 1W5,,,
7830,f8c9e4cf-e9c7-11ef-984e-124c66246c7d,Plaxton Dr / St. Clair Ave E,VAULT,43.70751755961952,-79.30252066313936,0.0,Plaxton Dr / St Clair Ave E,14,False,"['key', 'transitcard', 'phone']","['East', 'Scarborough - St. Clair']",Ward 19 - (2889 St Clair Ave E),Ward 19 - (2889 St Clair Ave E),500.0,True,{},M4B 1N5,,Plaxton Dr / St Clair Ave E,
7831,f8c9e7a4-e9c7-11ef-984e-124c66246c7d,Victoria Park Ave / Edge Park Ave,VAULT,43.717678679534906,-79.29961580314475,0.0,Victoria Park Ave / Edge Park Ave,19,False,"['key', 'transitcard', 'phone']","['East', 'Scarborough - St. Clair']",Ward 20 - (15 Edge Park Ave),Ward 20 - (15 Edge Park Ave),500.0,True,{},M1L 2E7,,Victoria Park Ave / Edge Park Ave,
7832,f8c9ea63-e9c7-11ef-984e-124c66246c7d,Finch Subway Station ,VAULT,43.781877158752955,-79.41528502874928,0.0,Finch Subway Station ,19,False,"['key', 'transitcard', 'phone']","['North', 'North York - Willowdale']",Ward 18 - (2 Bishop Ave),Ward 18 - (2 Bishop Ave),500.0,True,{},M2M 3T2,,Bishop Ave / Yonge St (Finch Station),
7833,f8c9ecd4-e9c7-11ef-984e-124c66246c7d,Glencairn Subway Station,VAULT,43.70925763810859,-79.44169105036657,0.0,Glencairn TTC Subway Station (Glencairn Ave / Hilmount Ave),15,False,"['key', 'transitcard', 'phone']","['North', 'Eglinton Ave W']",Ward 8 (Glencairn TTC Subway),Ward 8 (Glencairn TTC Subway),500.0,True,{},M6B,,Hilmount Ave / Glencairn Ave,
7834,f8c9f2a9-e9c7-11ef-984e-124c66246c7d,Glen Long Community Centre,VAULT,43.70820992643782,-79.45627808717194,0.0,35 Glen Long Ave,15,False,"['key', 'transitcard', 'phone']","['North', 'Eglinton Ave W']",Ward 8 - (35 Glen Long Ave),Ward 8 - (35 Glen Long Ave),500.0,True,{},M6B 2M1,,Ennerdale St / Glengrove Ave W,
7835,f8c9f562-e9c7-11ef-984e-124c66246c7d,Caledonia Rd / Lotherton Pathway,VAULT,43.70756436685646,-79.46571474966814,0.0,215 Lotherton Pathway,19,False,"['key', 'transitcard', 'phone']","['North', 'Eglinton Ave W']",Ward 8 - (215 Lotherton Pathway),Ward 8 - (215 Lotherton Pathway),500.0,True,{},M6B 2G6,,Caledonia Rd / Lotherton Pathway (north driveway/entrance),
7836,f8c9f7c8-e9c7-11ef-984e-124c66246c7d,Harvie Ave / Rogers Rd,VAULT,43.68402031135697,-79.45297885330353,0.0,200 Rogers Rd,19,False,"['key', 'transitcard', 'phone']","['North', 'Eglinton Ave W']",Ward 9 - (200 Rogers Rd),Ward 9 - (200 Rogers Rd),530.0,True,{},M6E 1R1,,Harvie Ave / Rogers Rd,
7837,f8c9fd11-e9c7-11ef-984e-124c66246c7d,Ling Rd / Morningside Ave,VAULT,43.766663817888656,-79.18521765344238,0.0,217 Morningside Rd,19,False,"['key', 'transitcard', 'phone']","['East', 'Scarborough - Rouge Hill']",Ward 25 - (217 Morningside Ave),Ward 25 - (217 Morningside Ave),500.0,True,{},M1E 3E1,,Ling Rd / Morning Side Ave,
7838,f8ca15c3-e9c7-11ef-984e-124c66246c7d,Lake Shore Blvd W / Legion Rd,VAULT,43.62052630763223,-79.48320224237995,0.0,2225 Lake Shore Blvd W,19,False,"['key', 'transitcard', 'phone']","['West', 'Humber Bay Shores']",Ward 3 - (12355 Lake Shore Blvd W),Ward 3 - (12355 Lake Shore Blvd W),350.0,True,{},M8V 0B1,,Lake Shore Blvd W / Legion Rd,
7839,f8ca1a71-e9c7-11ef-984e-124c66246c7d,Lake Shore Blvd W / Seventeenth St,VAULT,43.59841926031898,-79.51561102394257,0.0,3140 Lake Shore Blvd W,11,False,"['key', 'transitcard', 'phone']","['West', 'Humber Bay Shores']",Ward 3 - (3140 Lake Shore Blvd W),Ward 3 - (3140 Lake Shore Blvd W),350.0,True,{},M8V 1L4,,Lake Shore Blvd W / Seventeenth St,
7840,f8ca2066-e9c7-11ef-984e-124c66246c7d,Mabelle Park,VAULT,43.645389479325615,-79.5276822170925,0.0,38 Mabelle Ave,15,False,"['key', 'transitcard', 'phone']","['West', 'Bloor St W - High Park']",Ward 3 - (38 Mabelle Ave),Ward 3 - (38 Mabelle Ave),350.0,True,{},M9A 4X9,,Mabelle Park (Mabelle Ave),
7841,f8ca22e4-e9c7-11ef-984e-124c66246c7d,Islington Subway Station (Aberfoyle Cres),VAULT,43.645658591546216,-79.52339938954925,0.0,1243 Islington Ave ,15,False,"['key', 'transitcard', 'phone']","['West', 'Bloor St W - High Park']",Ward 3 - (1243 Islington Ave),Ward 3 - (1243 Islington Ave),350.0,True,{},M8X 1Y9,,Islington Ave / Aberfoyle Crescent,
7842,f8ca2887-e9c7-11ef-984e-124c66246c7d,Lake Shore Blvd W / Long Branch Ave,VAULT,43.59445833196281,-79.53387390859834,0.0,3560 Lake Shore Blvd W,11,False,"['key', 'transitcard', 'phone']","['West', 'Humber Bay Shores']",Ward 3 - (3560 Lake Shore Blvd W),Ward 3 - (3560 Lake Shore Blvd W),350.0,True,{},M8W 1N6,,Lake Shore Blvd W / Long Branch Ave,
7843,f8ca2b13-e9c7-11ef-984e-124c66246c7d,Uno Dr / The Queensway,VAULT,43.62649329992186,-79.50358167641535,0.0,748 The Queensway,15,False,"['key', 'transitcard', 'phone']","['West', 'Humber Bay Shores']",Ward 3 - (748 The Queensway),Ward 3 - (748 The Queensway),350.0,True,{},M8Z 1M9,,Uno Dr / The Queensway,
7844,f8ca3017-e9c7-11ef-984e-124c66246c7d,Second St / Lake Shore Blvd W,VAULT,43.60191488118503,-79.49941888654288,0.0,,15,False,"['key', 'transitcard', 'phone']","['West', 'Humber Bay Shores']",Ward 3 - (2765 Lake Shore Blvd W),Ward 3 - (2765 Lake Shore Blvd W),350.0,True,{},M8V 1H2,,Second St / Lake Shore Blvd W,
7845,f8ca326d-e9c7-11ef-984e-124c66246c7d,Sixth St / Lake Shore Blvd W,VAULT,43.60116229109828,-79.50416046627045,0.0,131 Sixth St,15,False,"['key', 'transitcard', 'phone']","['West', 'Humber Bay Shores']",Ward 3 - (131 Sixth St ),Ward 3 - (131 Sixth St ),350.0,True,{},M8V 1J4,,Sixth St / Lake Shore Blvd W,
7846,f8ca3797-e9c7-11ef-984e-124c66246c7d,Bloor St W / Dundas St W (2),VAULT,43.64285244644315,-79.53199489206543,0.0,3710 Bloor St W,15,False,"['key', 'transitcard', 'phone']","['West', 'Bloor St W - High Park']",Ward 3 - ( 3710 Bloor St W),Ward 3 - ( 3710 Bloor St W),100.0,True,{},M9A 1A2,,Bloor St W / Dundas St W ,
7848,f8ca40de-e9c7-11ef-984e-124c66246c7d,Gerrard St E / Nasmith Ave ,REGULAR,43.66273618779861,-79.36253100740966,0.0,Gerrard St E / Gifford St,23,False,"['key', 'transitcard', 'creditcard', 'phone']","['East', 'Regent Park - Distillery']",Ward 13 - (407 Gerrard St E) ,Ward 13 - (407 Gerrard St E) ,350.0,True,{},M5A 2H5,,Gerrard St E / Gifford St ,
7849,f8ca4633-e9c7-11ef-984e-124c66246c7d,Viewmount Park,VAULT,43.70735572654095,-79.43723072209013,0.0,169 Viewmount Ave,15,False,"['key', 'transitcard', 'phone']","['North', 'Eglinton Ave W']",Ward 8 - (169 Viewmount Ave),Ward 8 - (169 Viewmount Ave),350.0,True,{},M6B 1T5,,Shermount Ave/ Viewmount Ave,
7850,f8ca4cd6-e9c7-11ef-984e-124c66246c7d,Maud St / Adelaide St W - SMART,SMARTMAPFRAME,43.6460145694434,-79.39960497726345,0.0,Maud St / Adelaide St W,16,False,"['key', 'transitcard', 'phone']","['South', 'Fort York - Entertainment District']",Ward 10 - (across 460 Adelaide St W),Ward 10 - (across 460 Adelaide St W),100.0,True,{},M5V 1Y3,,Maud St / Adelaide St W,
7851,f8ca52ea-e9c7-11ef-984e-124c66246c7d,Keele St / Ingram Dr,VAULT,43.698706949666914,-79.4756586460327,0.0,2221 Keele St ,15,False,"['key', 'transitcard', 'phone']","['West', 'Eglinton Ave W']",Ward 5 - (2221 Keele St),Ward 5 - (2221 Keele St),350.0,True,{},M6M 3Z5,,Keele St / Ingram Dr,
7852,f8ca5aed-e9c7-11ef-984e-124c66246c7d,York Recreation Centre,VAULT,43.688153079245126,-79.48219789940566,0.0,115 Black Creek Dr,23,False,"['key', 'transitcard', 'phone']","['West', 'Eglinton Ave W']",Ward 5 - (115 Black Creek Dr),Ward 5 - (115 Black Creek Dr),350.0,True,{},M6M 5B4,,Eglinton Ave W / Black Creek DR,
7853,f8ca616b-e9c7-11ef-984e-124c66246c7d,Trethewey Dr / Black Creek Dr,VAULT,43.695498400279796,-79.48809394482672,0.0,500 Black Creek Dr,15,False,"['key', 'transitcard', 'phone']","['North', 'Eglinton Ave W']",Ward 5 - (500 Trethewey Dr),Ward 5 - (500 Trethewey Dr),350.0,True,{},M6M 4C2,,Trethewey Dr / Black Creek DR,
7854,f8ca679e-e9c7-11ef-984e-124c66246c7d,Jane St / Haney Ave,VAULT,43.6743457123134,-79.4948437786083,0.0,797 Jane St,19,False,"['key', 'transitcard', 'phone']","['West', 'Eglinton Ave W']",Ward 5 - (797Jane St),Ward 5 - (797Jane St),350.0,True,{},M6N 4B6,,Jane St / Haney Ave,
7855,f8ca6def-e9c7-11ef-984e-124c66246c7d,Scarlett Rd / Eileen Ave,VAULT,43.668510906505354,-79.5007648392868,0.0,75 Scarlett Rd ,15,False,"['key', 'transitcard', 'phone']","['West', 'St Clair Ave W']",Ward 5 - (75 Scarlett Rd),Ward 5 - (75 Scarlett Rd),350.0,True,{},M6N 4K3,,Scarlett Rd / Eileen Ave,
7856,f8ca7933-e9c7-11ef-984e-124c66246c7d,Scarlett Rd / Old Scarlett Rd ,VAULT,43.678276306636576,-79.50667332401198,0.0,287 Scarlett Rd,15,False,"['key', 'transitcard', 'phone']","['West', 'Eglinton Ave W']",Ward 5 - (287 Scarlett Rd),Ward 5 - (287 Scarlett Rd),350.0,True,{},M6N 4L1,,Scarlett Rd / Old Scarlett Rd,
7857,f8ca7c57-e9c7-11ef-984e-124c66246c7d,Eglinton Ave W / Venn Cres,VAULT,43.69143920681119,-79.46908634795456,0.0,2485 Eglinton Ave W,19,False,"['key', 'transitcard', 'phone']","['West', 'Eglinton Ave W']",Ward 5 - (2485 Eglinton Ave W),Ward 5 - (2485 Eglinton Ave W),350.0,True,{},M6M 1S8,,Eglinton Ave W / Venn Cres,
7858,f8ca7ee1-e9c7-11ef-984e-124c66246c7d,Rogers Rd / Bicknell Ave,VAULT,43.68189526215492,-79.4736382392868,0.0,605 Rogers Rd,23,False,"['key', 'transitcard', 'phone']","['West', 'Eglinton Ave W']",Ward 5 - (605 Rogers Rd),Ward 5 - (605 Rogers Rd),350.0,True,{},M6M 1B9,,Rogers Rd / Bicknell Ave,
7859,f8ca8264-e9c7-11ef-984e-124c66246c7d,Mallaby Park ,VAULT,43.706191092397106,-79.53262795581969,0.0,2394 Weston Rd,15,False,"['key', 'transitcard', 'phone']","['West', 'Eglinton Ave W']",Ward 5 - (2394 Weston Rd),Ward 5 - (2394 Weston Rd),350.0,True,{},M9N 1R5,,St. Phillips Dr / Weston Rd,
7860,f8ca84e8-e9c7-11ef-984e-124c66246c7d,Cruickshank Park,VAULT,43.7023860650084,-79.52594758324148,0.0,2196 Weston Rd,15,False,"['key', 'transitcard', 'phone']","['West', 'Eglinton Ave W']",Ward 5 - (2196 Weston Rd),Ward 5 - (2196 Weston Rd),350.0,True,{},M9N 1X9,,Cruikshank Park / Humber River Trail,
7861,f8ca8873-e9c7-11ef-984e-124c66246c7d,Emmett Ave,VAULT,43.68735514096443,-79.50623313806341,0.0,100 Emmett Ave,19,False,"['key', 'transitcard', 'phone']","['West', 'Eglinton Ave W']",Ward 5 - (100 Emmett Ave),Ward 5 - (100 Emmett Ave),350.0,True,{},M6M 2E6,,Emmett Ave / Jane St,
7862,f8ca8aee-e9c7-11ef-984e-124c66246c7d,Jane St / Weston Rd,VAULT,43.69144464414302,-79.50154583869246,0.0,1390 Weston Rd,15,False,"['key', 'transitcard', 'phone']","['West', 'Eglinton Ave W']",Ward 5 - (1390 Weston Rd),Ward 5 - (1390 Weston Rd),350.0,True,{},M6M 4S2,,Weston Rd / Jane St ,
7863,f8ca8e1f-e9c7-11ef-984e-124c66246c7d,Jane St / Queens Dr,VAULT,43.70673804962302,-79.50477543802873,0.0,Jane St / John St,15,False,"['key', 'transitcard', 'phone']","['West', 'Eglinton Ave W']",Ward 5 - (1815 Jane St),Ward 5 - (1815 Jane St),350.0,True,{},M6L 3C6,,Jane St / John St,
7864,f8ca9105-e9c7-11ef-984e-124c66246c7d,Sussex Ave / St George St,REGULAR,43.665304278965365,-79.39938263802871,0.0,140 St George St,15,False,"['key', 'transitcard', 'creditcard', 'phone']","['South', 'U of T - Hospital Row']",Ward 11 - 140 St George St,Ward 11 - 140 St George St,300.0,True,{},M5S 3G6,,,
7865,f8ca94d4-e9c7-11ef-984e-124c66246c7d,2700 Eglinton Ave W,ELECTRICBIKESTATION,43.69074600637147,-79.47820143344333,0.0,2700 Eglinton Ave W,43,True,"['key', 'transitcard', 'creditcard', 'phone']","['E-Charging ', 'West', 'Eglinton Ave W']",Ward 5 - ( CP 669 ),Ward 5 - ( CP 669 ),500.0,True,{},M6M 1V1,,Municipal Dr,
7866,f8ca97f2-e9c7-11ef-984e-124c66246c7d,697 Lansdowne Ave ,ELECTRICBIKESTATION,43.659221843735615,-79.44277410244676,0.0,697 Lansdowne Ave ,23,True,"['key', 'transitcard', 'creditcard', 'phone']","['E-Charging ', 'West', 'Bloor St W / Annex']",Ward 9 - (697 Lansdowne Ave - CP 81),Ward 9 - (697 Lansdowne Ave - CP 81),348.0,True,{},M6H 3Y9,,,
7867,f8ca9dc7-e9c7-11ef-984e-124c66246c7d,15 Price St ,ELECTRICBIKESTATION,43.6799477790745,-79.38994813684005,0.0,15 Price St ,15,True,"['key', 'transitcard', 'creditcard', 'phone']","['E-Charging ', 'North', 'Davenport - Dupont']",Ward 11 - (CP 195 -15 Price St ),Ward 11 - (CP 195 -15 Price St ),300.0,True,{},M4W 1Y7,,Price St / Yonge St,
7868,f8caa17c-e9c7-11ef-984e-124c66246c7d,Sheppard Ave W / Chesswood Dr,VAULT,43.755583971122874,-79.47446032684479,0.0,3710  Chesswood Dr,19,False,"['key', 'transitcard', 'phone']","['North', 'North York - York U']",Ward 6 - (3710 Chesswood Dr),Ward 6 - (3710 Chesswood Dr),350.0,True,{},M3J 2W4,,Sheppard Ave W / Chesswood Dr,
7869,f8caa488-e9c7-11ef-984e-124c66246c7d,Sentinel Rd / Sheppard Ave W,VAULT,43.74386580997666,-79.49181654358595,0.0,1 Inlet Mews,15,False,"['key', 'transitcard', 'phone']","['North', 'North York - York U']",Ward 6 - ( 1 Inlet Mews),Ward 6 - ( 1 Inlet Mews),350.0,True,{},M3M 3J8,,Sentinel Rd / Sheppard Ave W,
7870,f8caa7cb-e9c7-11ef-984e-124c66246c7d,Humber River Hospital ,VAULT,43.72537884183677,-79.48719674218903,0.0,Humber River Hospital ,15,False,"['key', 'transitcard', 'phone']","['North', 'North York - York U']",Ward 6 - (1235 Wilson Ave),Ward 6 - (1235 Wilson Ave),350.0,True,{},M3M 3G8,,Wilson Ave / Morton Shulman Ave,
7871,f8cabe6f-e9c7-11ef-984e-124c66246c7d,Jane St / Lawrence Ave W,VAULT,43.702340220597975,-79.50347389514123,0.0,Jane St / Lawrence Ave W,14,False,"['key', 'transitcard', 'phone']","['West', 'Eglinton Ave W']",Ward 5 - (1675 Jane St),Ward 5 - (1675 Jane St),350.0,True,{},M9N 2R8,,Jane St / Lawrence Ave W,
7872,f8cac295-e9c7-11ef-984e-124c66246c7d,Keele St / Catford Rd,VAULT,43.75919330632997,-79.49001046850891,0.0,Keele St / Catford Rd,15,False,"['key', 'transitcard', 'phone']","['North', 'North York - York U']",Ward 7 - (11 Catford Rd),Ward 7 - (11 Catford Rd),350.0,True,{},M3J 1P9,,Keele St / Catford Rd,
7874,f8cac8ed-e9c7-11ef-984e-124c66246c7d,The Pond Rd / Ian Macdonald Blvd,VAULT,43.77086729028769,-79.49812990660705,0.0,85 The Pond Rd ,15,False,"['key', 'transitcard', 'phone']","['North', 'North York - York U']",Ward 7 - (85 The Pond Rd),Ward 7 - (85 The Pond Rd),350.0,True,{},M3J,,The Pond Rd / Ian Macdonald Blvd,
7875,f8cacbeb-e9c7-11ef-984e-124c66246c7d,Oakdale Community Centre,VAULT,43.74751496038769,-79.5132569853195,0.0,350 Grandravine Dr,15,False,"['key', 'transitcard', 'phone']","['North', 'North York - York U']",Ward 7 - (350 Grandravine Dr),Ward 7 - (350 Grandravine Dr),350.0,True,{},M3N 1J4,,Grandravine Dr / Jane St,
7877,f8cad23d-e9c7-11ef-984e-124c66246c7d,Jane St / Yorkwoods Gt,VAULT,43.7503016975738,-79.51577557434386,0.0,2801 Jane St,15,False,"['key', 'transitcard', 'phone']","['North', 'North York - York U']",Ward 7 - (2801 Jane St),Ward 7 - (2801 Jane St),350.0,True,{},M3N 2H8,,Jane St / Yorkwoods Gt,
7878,f8caeb29-e9c7-11ef-984e-124c66246c7d,Weston Rd / Sheppard Ave W,VAULT,43.73262849415089,-79.5381993243286,0.0,3100 Weston Rd,15,False,"['key', 'transitcard', 'phone']","['North', 'North York - York U']",Ward 7 - (3100 Weston Rd),Ward 7 - (3100 Weston Rd),350.0,True,{},M9M 2S7,,Weston Rd / Sheppard Ave W,
7880,f8caf28e-e9c7-11ef-984e-124c66246c7d,Lindylou Rd / Lanyard Rd,VAULT,43.74845421407306,-79.5504039969242,0.0,137 Lindylou Rd ,15,False,"['key', 'transitcard', 'phone']","['North', 'North York - York U']",Ward 7 - (137 Lindylou Rd),Ward 7 - (137 Lindylou Rd),350.0,True,{},M9M 2B5,,Lindylou Rd / Lanyard Rd,
7883,f8caf9f3-e9c7-11ef-984e-124c66246c7d,Wynford Heights Cres / Concorde Pl,VAULT,43.72749778259739,-79.32714222209015,0.0,48 Wynford Heights Cres,11,False,"['key', 'transitcard', 'phone']","['East', 'Thorncliffe Park - Sunnybrook']",Ward 16 - (48 Wynford Heights Cres),Ward 16 - (48 Wynford Heights Cres),350.0,True,{},M3C 1K6,,Wynford Heights Cres / Concorde Pl,
7884,f8cafd0f-e9c7-11ef-984e-124c66246c7d,Bartley Park ,VAULT,43.72211166436462,-79.30864830919265,0.0,112 Bartley Dr,15,False,"['key', 'transitcard', 'phone']","['East', 'Scarborough - St. Clair']",Ward 16 - (112 Bartley Dr),Ward 16 - (112 Bartley Dr),350.0,True,{},M4A 1C5,,Bartley Dr / Sufi Cres,
7885,f8caffb0-e9c7-11ef-984e-124c66246c7d,Brooklawn Ave / Kingston Rd,VAULT,43.721761400691236,-79.2359137196434,0.0,2853 Kingston Rd,11,False,"['key', 'transitcard', 'phone']","['East', 'Scarborough - Rouge Hill']",Ward 20 - (2853 Kingston Rd),Ward 20 - (2853 Kingston Rd),350.0,True,{},M1M 1N3,,Brooklawn Ave / Kingston Rd,
7888,f8cb08c7-e9c7-11ef-984e-124c66246c7d,The Kingsway / Ashley Rd,VAULT,43.66279594478841,-79.51959827976225,0.0,289 The kingsway,15,False,"['key', 'transitcard', 'phone']","['West', 'Bloor St W - High Park']",Ward 2 - (289 The kingsway),Ward 2 - (289 The kingsway),350.0,True,{},M9A 3T9,,The Kingsway / Ashley Rd,
7889,f8cb0b6d-e9c7-11ef-984e-124c66246c7d,Dundas St W / Prince Edward Dr N,VAULT,43.660324268765464,-79.51154350422973,0.0,4208 Dundas St W,19,False,"['key', 'transitcard', 'phone']","['West', 'Bloor St W - High Park']",Ward 2 - (4208 Dundas St W),Ward 2 - (4208 Dundas St W),300.0,True,{},M8X 1Y6,,Dundas St W / Prince Edward Dr N,
7890,f8cb0e6b-e9c7-11ef-984e-124c66246c7d,60 Broadway Ave,VAULT,43.71024429599603,-79.39578744603273,0.0,60 Broadway Ave,23,False,"['key', 'transitcard', 'phone']","['North', 'Mid Town']",Ward 15 - (60 Broadway Ave),Ward 15 - (60 Broadway Ave),300.0,True,{},M4P 1T6,,Broadway Ave,
7891,f8cb1191-e9c7-11ef-984e-124c66246c7d,Opposite 1103 Leslie St,VAULT,43.72093164598881,-79.34989416350709,0.0,Opposite 1103 Leslie St,19,False,"['key', 'transitcard', 'phone']","['North', 'Thorncliffe Park - Sunnybrook']",Ward 15 - (opposite 1103 Leslie St),Ward 15 - (opposite 1103 Leslie St),300.0,True,{},M3C 4G8,,Leslie St / Inn on the Park Dr,
7892,f8cb2bd2-e9c7-11ef-984e-124c66246c7d,Erskine Ave / Redpath Ave,VAULT,43.712154792369496,-79.39425906322937,0.0,130 Erskine Ave ,15,False,"['key', 'transitcard', 'phone']","['North', 'Mid Town']",Ward 15 - (130 Erskine Ave),Ward 15 - (130 Erskine Ave),300.0,True,{},M4P 1Z1,,Erskine Ave / Redpath Ave,
7893,f8cb2f61-e9c7-11ef-984e-124c66246c7d,Overlea Blvd / Thorncliffe Park Dr,VAULT,43.707555968595464,-79.34272024477463,0.0,65 Overlea Blvd,19,False,"['key', 'transitcard', 'phone']","['North', 'Thorncliffe Park - Sunnybrook']",Ward 15 - (65 Overlea Blvd),Ward 15 - (65 Overlea Blvd),300.0,True,{},M4H 1P1,,Overlea Blvd / Thorncliffe Park DR,
7894,f8cb31fa-e9c7-11ef-984e-124c66246c7d,Millwood Rd / Southvale Dr,REGULAR,43.70241717215276,-79.36175932936095,0.0,955 Millwood Rd,15,False,"['key', 'transitcard', 'creditcard', 'phone']","['North', 'Thorncliffe Park - Sunnybrook']",Ward 15 -(955 Millwood Rd),Ward 15 -(955 Millwood Rd),300.0,True,{},M4G 4E3,,Southvale Dr / Millwood Rd,
7895,f8cb3728-e9c7-11ef-984e-124c66246c7d,Keele St / Lloyd Ave,VAULT,43.67115532642577,-79.46701597756929,0.0,590 Keele St,15,False,"['key', 'transitcard', 'phone']","['West', 'St Clair Ave W']",Ward 5 - (590 Keele St),Ward 5 - (590 Keele St),300.0,True,{},M6N 3E4,,Keele St / Lloyd Ave,
7896,f8cb3a01-e9c7-11ef-984e-124c66246c7d,Arlington Parkette,VAULT,43.69105005197055,-79.43281746494293,0.0,460 Arlington Ave,15,False,"['key', 'transitcard', 'phone']","['West', 'Eglinton Ave W']",Ward 12- (460 Arlington Ave),Ward 12- (460 Arlington Ave),300.0,True,{},M6C 3A2,,Arlington Ave / Fernandez Ln,
7897,f8cb3cb6-e9c7-11ef-984e-124c66246c7d,50 Overlea Blvd,VAULT,43.707225,-79.345324,0.0,50 Overlea Blvd,15,False,"['key', 'transitcard', 'phone']","['East', 'Thorncliffe Park - Sunnybrook']",Ward 15 - (50 Overlea Blvd),Ward 15 - (50 Overlea Blvd),300.0,True,{},M4H 1B6,,Overlea Blvd ,
7898,f8cb3f28-e9c7-11ef-984e-124c66246c7d,University Ave / Gerrard St W - SMART(South),SMARTMAPFRAME,43.65748153286412,-79.38921396018827,0.0,545 University Ave ,16,False,"['key', 'transitcard', 'phone']","['South', 'U of T - Hospital Row']",Ward 11 - (545 University Ave),Ward 11 - (545 University Ave),100.0,True,{},M5G 1X8,False,University Ave / Gerrard St W,
7899,f8cb4188-e9c7-11ef-984e-124c66246c7d,Queens Park Cres / College St ,REGULAR,43.66018127636866,-79.39083271520538,0.0,144 College St ,23,False,"['key', 'transitcard', 'creditcard', 'phone']","['South', 'U of T - Hospital Row']",Ward 11 - (144 College St ),Ward 11 - (144 College St ),200.0,True,{},M5S 3M2,,Queens Park Cres W / College St,
7900,f8cb4583-e9c7-11ef-984e-124c66246c7d,Simcoe St / Elm St,REGULAR,43.656038841714505,-79.38970387738495,0.0,Simcoe St / Elm St,10,False,"['key', 'transitcard', 'creditcard', 'phone']","['South', 'U of T - Hospital Row']",Ward 11 - (1001 - 522 University Ave),Ward 11 - (1001 - 522 University Ave),100.0,True,{},M5G 1W7,,,
7901,f8cb5798-e9c7-11ef-984e-124c66246c7d,Bloor St W / Kingsmill Rd,VAULT,43.64927890131737,-79.50312995581972,0.0,2836 Bloor St W,11,False,"['key', 'transitcard', 'phone']","['West', 'Bloor St W - High Park']",Ward 3 - (2836 Bloor St W),Ward 3 - (2836 Bloor St W),300.0,True,{},M8X 1A8,,Bloor St W / Kingsmill Rd,
7902,f8cb5ac5-e9c7-11ef-984e-124c66246c7d,Gunns Rd / Lavender Creek Trail,VAULT,43.675531973168354,-79.47199740066374,0.0,Gunns Rd / Lavender Creek Trail,15,False,"['key', 'transitcard', 'phone']","['West', 'Eglinton Ave W']",Ward 5 - (75 Gunns Rd),Ward 5 - (75 Gunns Rd),300.0,True,{},M6N 1X5,,Gunns Rd / Weston Rd,
7903,f8cb5e14-e9c7-11ef-984e-124c66246c7d,St. Clair Ave W / Symes Rd,VAULT,43.670042134416704,-79.4789424818056,0.0,2236 St Clair Ave W,15,False,"['key', 'transitcard', 'phone']","['West', 'St Clair Ave W']",Ward 5 - (2236 St Clair Ave W),Ward 5 - (2236 St Clair Ave W),300.0,True,{},M6N 5C1,,St Clair Ave W / Symes Rd,
7904,f8cb637c-e9c7-11ef-984e-124c66246c7d,Palmerston Blvd / Lennox St,VAULT,43.66335070995886,-79.41312798316125,0.0,523 Palmerston Blvd,11,False,"['key', 'transitcard', 'phone']","['West', 'Bloor St W / Annex']",Ward 11 - (523 Palmerston Blvd),Ward 11 - (523 Palmerston Blvd),300.0,True,{},M6G 2P4,,Palmerston Blvd / Lennox St,
7906,f8cb697f-e9c7-11ef-984e-124c66246c7d,Princess St / Front St E,REGULAR,43.650297574961044,-79.36648460341635,0.0,201/207 Princess St,14,False,"['key', 'transitcard', 'creditcard', 'phone']","['East', 'Regent Park - Distillery']",Ward 13 - (207 Front St E),Ward 13 - (207 Front St E),300.0,True,{},M5A 1E8,,,
7907,f8cb6bf6-e9c7-11ef-984e-124c66246c7d,365 Lippincott St,ELECTRICBIKESTATION,43.6649482,-79.40947,0.0,365 lippincott St,41,True,"['key', 'transitcard', 'creditcard', 'phone']","['E-Charging ', 'North', 'Bloor St W / Annex']",365 Lippincott - EBS @ CP 51,365 Lippincott - EBS @ CP 51,300.0,True,{},M5S 1Y5,,365 Lippincott St - South West of Bloor / Bathurst,
7909,f8cb70b7-e9c7-11ef-984e-124c66246c7d,E.T Seton Park - South ,VAULT,43.70503461857136,-79.33547292037659,0.0,E.T Seton Park - South ,23,False,"['key', 'transitcard', 'phone']","['East', 'Thorncliffe Park - Sunnybrook']",E.T Seton Park South - Area 2,E.T Seton Park South - Area 2,300.0,True,{},M3C,,E.T Seton Park South / Lower Don Recreation Trail,
7910,f8cb7312-e9c7-11ef-984e-124c66246c7d,Eglinton Ave E / Brentcliffe Rd,VAULT,43.714305793017544,-79.36089045040129,0.0,939 Eglinton Ave E,15,False,"['key', 'transitcard', 'phone']","['North', 'Thorncliffe Park - Sunnybrook']",Ward 15 - (939 Eglinton Ave E ),Ward 15 - (939 Eglinton Ave E ),300.0,True,{},M4G 4E8,,Eglinton Ave E / Brentcliffe Rd,
7911,f8cb7607-e9c7-11ef-984e-124c66246c7d,King St W / York St (2),VAULT,43.647968822765,-79.38316961352653,0.0,59 King St W,19,False,"['key', 'transitcard', 'phone']","['South', 'Financial District']",Ward 10 - (59 King St W),Ward 10 - (59 King St W),1.0,True,{},M5H 1A1,,King St W / York St,
7912,f8cb7869-e9c7-11ef-984e-124c66246c7d,Joe Shuster Way / King St W ,VAULT,43.64039672322004,-79.4237424131447,0.0,30 Joe Shuster Way,19,False,"['key', 'transitcard', 'phone']","['West', 'Liberty Village - Queen West']",Ward 10 - (30 Joe Shuster Way),Ward 10 - (30 Joe Shuster Way),100.0,True,{},M6K,,,
7913,f8cb7b46-e9c7-11ef-984e-124c66246c7d,St. George St / Willcocks St,VAULT,43.662452744495575,-79.3978384219513,0.0,St George St / Willcocks St,35,False,"['key', 'transitcard', 'phone']","['South', 'U of T - Hospital Row']",Ward 11 - (100 St. George St),Ward 11 - (100 St. George St),100.0,True,{},M5S 3G3,,,
7914,f8cb7e20-e9c7-11ef-984e-124c66246c7d,York St / Wellington St W (2),VAULT,43.647043061824,-79.38314120681535,0.0,100 Wellington St W ,27,False,"['key', 'transitcard', 'phone']","['South', 'Financial District']",Ward 10 - (100 Wellington St W),Ward 10 - (100 Wellington St W),5.0,True,{},M5J 2R2,,York St / Wellington St W,
7915,f8cb80b8-e9c7-11ef-984e-124c66246c7d,Rogers Rd / Watt Ave,VAULT,43.68233679999999,-79.4680594,0.0,500 Rogers Rd,15,False,"['key', 'transitcard', 'phone']","['West', 'Eglinton Ave W']",Ward 5 - (500 Rogers Rd),Ward 5 - (500 Rogers Rd),300.0,True,{},M6M 1B3,,Rogers Rd / Watt Ave,
7916,f8cb832d-e9c7-11ef-984e-124c66246c7d,University Ave / Pearl St ,VAULT,43.64836809385241,-79.3853510232788,0.0,University Ave / Pearl St ,19,False,"['key', 'transitcard', 'phone']","['South', 'Financial District']",Ward 10 - (118 Pearl St),Ward 10 - (118 Pearl St),100.0,True,{},M5H 1L2,,,
7917,f8cb858b-e9c7-11ef-984e-124c66246c7d,King St W / University Ave,VAULT,43.64781808540915,-79.38427999073791,0.0,150 King St W,35,False,"['key', 'transitcard', 'phone']","['South', 'Financial District']",Ward 10 - (150 King St W),Ward 10 - (150 King St W),50.0,True,{},M5H 1J9,,,
7918,f8cb87eb-e9c7-11ef-984e-124c66246c7d,Albion Rd/ Arcot Blvd,VAULT,43.727621709316395,-79.55254902939286,0.0,Albion Rd/ Arcot Blvd (Summerlea Park),15,False,"['key', 'transitcard', 'phone']","['North', 'North York - York U']",Ward 1 - (2 Arcot Blvd - Summerlea Park),Ward 1 - (2 Arcot Blvd - Summerlea Park),500.0,True,{},M9W,,,
7919,f8cb9ca5-e9c7-11ef-984e-124c66246c7d,Armel Ct / Albion Rd,VAULT,43.721532966873205,-79.5455834809678,0.0,Armel Ct / Albion Rd,19,False,"['key', 'transitcard', 'phone']","['North', 'North York - York U']",Ward 1 - ( 2 Armel Ct),Ward 1 - ( 2 Armel Ct),300.0,True,{},M9W 6L4,,,
7920,f8cb9fd2-e9c7-11ef-984e-124c66246c7d,75 Tandridge Cres,VAULT,43.729578273586064,-79.54699793872719,0.0,75 Tandridge Cres,15,False,"['key', 'transitcard', 'phone']","['North', 'North York - York U']",Ward 1 - (75 Tandridge Cres),Ward 1 - (75 Tandridge Cres),300.0,True,{},M9W 2N9,,Tandridge Cres / Arcot Blvd,
7922,f8cba4db-e9c7-11ef-984e-124c66246c7d,35 Erindale Ave,ELECTRICBIKESTATION,43.67729,-79.35741,0.0,35 Erindale Ave,23,True,"['key', 'transitcard', 'creditcard', 'phone']","['E-Charging ', 'East', 'Danforth']",Ward 13 - (35 Erindale Ave@CP 78),Ward 13 - (35 Erindale Ave@CP 78),100.0,True,{},M4K 1R9,,,
7923,f8cba758-e9c7-11ef-984e-124c66246c7d,Trethewey Dr / Jane St,VAULT,43.697417070558615,-79.50079830912324,0.0,725 Trethewey Dr ,19,False,"['key', 'transitcard', 'phone']","['West', 'Eglinton Ave W']",Ward 5 - (725 Trethewey Dr),Ward 5 - (725 Trethewey Dr),500.0,True,{},M6M 5J7,,Trethewey Dr / Jane St,
7924,f8cbaa49-e9c7-11ef-984e-124c66246c7d,Duncan St / Adelaide St W - SMART,SMARTMAPFRAME,43.64813057569729,-79.38858106137695,0.0,19 Duncan St ,12,False,"['key', 'transitcard', 'phone']","['South', 'Fort York - Entertainment District']",Ward 10 - (19 Duncan St),Ward 10 - (19 Duncan St),350.0,True,{},M5H 3G6,,Duncan St / Adelaide St W,
7925,f8cbad3b-e9c7-11ef-984e-124c66246c7d,Niagara St / King St W - SMART,SMARTMAPFRAME,43.64281323408372,-79.40751415588915,0.0,801 King St W ,24,False,"['key', 'transitcard', 'phone']","['West', 'Fort York - Entertainment District']",Ward 10 - (801 King St W),Ward 10 - (801 King St W),350.0,True,{},M5V 3C9,,Niagara St / King St W,
7926,f8cbb01c-e9c7-11ef-984e-124c66246c7d,McRae Dr / Laird Dr - SMART,SMARTMAPFRAME,43.70979296822595,-79.36389214460489,0.0,McRae Dr / Laird Dr,24,False,"['key', 'transitcard', 'phone']","['North', 'Thorncliffe Park - Sunnybrook']",Ward 15 - ( 180 Laird Dr),Ward 15 - ( 180 Laird Dr),300.0,True,{},M4G 3V7,,,
7927,f8cbb435-e9c7-11ef-984e-124c66246c7d,Strachan Ave / East Liberty St - SMART,SMARTMAPFRAME,43.63906470236988,-79.41080996164456,0.0,Strachan Ave / East Liberty St,24,False,"['key', 'transitcard', 'phone']","['West', 'Liberty Village - Queen West']",Ward 10 -  (39 East Liberty St),Ward 10 -  (39 East Liberty St),100.0,True,{},M6K 0A7,,Strachan Ave / East Liberty St,
7928,f8cbb934-e9c7-11ef-984e-124c66246c7d,Simcoe St / Pullan Pl,REGULAR,43.65105290412541,-79.38764943227872,0.0,Simcoe St / Pullan Pl,79,False,"['key', 'transitcard', 'creditcard', 'phone']","['South', 'Financial District']",Ward 10 - (180 Simcoe St),Ward 10 - (180 Simcoe St),100.0,True,{},M5T 2W5,,,
7929,f8cbd515-e9c7-11ef-984e-124c66246c7d,Spadina Ave / Bulwer St- SMART ,SMARTMAPFRAME,43.649354475273796,-79.39675713332855,0.0,Spadina Ave / Bulwer St- SMART ,12,False,"['key', 'transitcard', 'phone']","['South', 'Fort York - Entertainment District']",Ward 10 - (174 Spadina Ave),Ward 10 - (174 Spadina Ave),100.0,True,{},M5T 2C2,,,
7930,f8cbda5d-e9c7-11ef-984e-124c66246c7d,Dunn Ave / Queen St W,REGULAR,43.639522754211804,-79.43395976815727,0.0,240 Dunn Ave,15,False,"['key', 'transitcard', 'creditcard', 'phone']","['West', 'Liberty Village - Queen West']",Ward 4 - (240 Dunn Ave),Ward 4 - (240 Dunn Ave),300.0,True,{},M6K 3K6,,-,
7931,f8cbde4f-e9c7-11ef-984e-124c66246c7d,Symes Rd / Glen Scarlett Rd - SMART,SMARTMAPFRAME,43.673391524931525,-79.47798367814572,0.0,Symes Rd / Glen Scarlett Rd,16,False,"['key', 'transitcard', 'phone']","['West', 'Eglinton Ave W']",Ward 5 - ( 150 Symes Rd),Ward 5 - ( 150 Symes Rd),300.0,True,{},M6N 0B1,,,
7932,f8cbe0e9-e9c7-11ef-984e-124c66246c7d,Boston Ave / Queen St E- SMART,SMARTMAPFRAME,43.661601650964336,-79.33894582857273,0.0,Boston Ave / Queen St E- SMART,12,False,"['key', 'transitcard', 'phone']","['East', 'Leslieville - Woodbine']",Ward 14 - (1014 Queen St E),Ward 14 - (1014 Queen St E),300.0,True,{},M4M 1K1,,,
7933,f8cbe3e3-e9c7-11ef-984e-124c66246c7d,Elizabeth St / Elm St,REGULAR,43.6570908165693,-79.38593668834272,0.0,Elizabeth St/ Elm St,23,False,"['key', 'transitcard', 'creditcard', 'phone']","['Valet Stations', 'South', 'U of T - Hospital Row']",Ward 11 - (170 Elizabeth St),Ward 11 - (170 Elizabeth St),200.0,True,{},M5G 1E8,,,
7934,f8cbe677-e9c7-11ef-984e-124c66246c7d,19 Glendora Ave,ELECTRICBIKESTATION,43.75921143833388,-79.40960364801701,0.0,19 Glendora Ave,11,True,"['key', 'transitcard', 'creditcard', 'phone']","['E-Charging ', 'North', 'North York - Willowdale']",Ward 18 - (19 Glendora Ave),Ward 18 - (19 Glendora Ave),300.0,True,{},M2N 4S8,,,
7935,f8cbe8fa-e9c7-11ef-984e-124c66246c7d,Ramsden Park,REGULAR,43.676184561302776,-79.38962496400146,0.0,Ramsden Park,15,False,"['key', 'transitcard', 'creditcard', 'phone']","['North', 'Davenport - Dupont']",Ward 11 - (1020 Yonge St),Ward 11 - (1020 Yonge St),300.0,True,{},M5R,,,
7936,f8cbeb7e-e9c7-11ef-984e-124c66246c7d,Adelaide St W / Bay St (South),VAULT,43.65011637593798,-79.37953068860327,0.0,Adelaide St W / Bay St ( South ),15,False,"['key', 'transitcard', 'phone']","['South', 'Financial District']",Ward 10- (11 Adelaide St W),Ward 10- (11 Adelaide St W),100.0,True,{},M5H 1H1,,,
7937,f8cbede9-e9c7-11ef-984e-124c66246c7d,Adelaide St W / Yonge St,VAULT,43.65038002325664,-79.3787277120385,0.0,Adelaide St W / Yonge St,19,False,"['key', 'transitcard', 'phone']","['South', 'Financial District']",Ward 10- (8 Adelaide St W ),Ward 10- (8 Adelaide St W ),100.0,True,{},M5H 0A9,,,
7938,f8cbf071-e9c7-11ef-984e-124c66246c7d,Portland St / Wellington St W,VAULT,43.64290167152932,-79.39937033134326,0.0,Portland St / Wellington St W,15,False,"['key', 'transitcard', 'phone']","['South', 'Fort York - Entertainment District']",Ward 10- (517 Wellington St W),Ward 10- (517 Wellington St W),100.0,True,{},M5V 1V1,,,
7939,f8cbf353-e9c7-11ef-984e-124c66246c7d,Princes' Gates,REGULAR,43.63467323676012,-79.40897321886649,0.0,Princes' Gates,17,False,"['key', 'transitcard', 'creditcard', 'phone']","['South', 'Watefront']",Ward 10- ( 11 Princes' Blvd ),Ward 10- ( 11 Princes' Blvd ),50.0,True,{},M6K 3C3,,,
7940,f8cbf681-e9c7-11ef-984e-124c66246c7d,Lillian St / Soudan Ave - SMART,SMARTMAPFRAME,43.70607287248461,-79.39356161653288,0.0,44 Lillian St ,32,False,"['key', 'transitcard', 'phone']","['North', 'Mid Town']",Ward 12 - (44 Lillian St),Ward 12 - (44 Lillian St),100.0,True,{},M4S 0B7,,Lillian St / Soudan Ave ,
7941,f8cbf908-e9c7-11ef-984e-124c66246c7d,Hanna Ave / Snooker St,VAULT,43.639547,-79.420022,0.0,40 Hanna Ave,15,False,"['key', 'transitcard', 'phone']","['West', 'Liberty Village - Queen West']",Ward 10  (40 Hanna Ave) ,Ward 10  (40 Hanna Ave) ,100.0,True,{},M6K 3N7,,Hanna Ave / Snooker St ,
7942,f8cbfb72-e9c7-11ef-984e-124c66246c7d,Hillsdale Ave E / Mount Pleasant Rd,VAULT,43.70512126615395,-79.3890271081274,0.0,Hillsdale Ave E / Mount Pleasant Rd,15,False,"['key', 'transitcard', 'phone']","['North', 'Mid Town']",Ward 12- (650 Mount Pleasant Rd),Ward 12- (650 Mount Pleasant Rd),300.0,True,{},M4S 2N5,,,
7943,f8cbfde4-e9c7-11ef-984e-124c66246c7d,OCAD University,VAULT,43.65231552304792,-79.39091185000235,0.0,OCAD  University (Grange Rd / McCaul St),23,False,"['key', 'transitcard', 'phone']","['South', 'Fort York - Entertainment District']",Ward 10 (5 Grange Rd) ,Ward 10 (5 Grange Rd) ,100.0,True,{},M5T 1C3,,Grange Rd / McCaul St ,
7944,f8cc0038-e9c7-11ef-984e-124c66246c7d,Harbord St / Grace St (Bickford Park),VAULT,43.65995363518053,-79.41787388888551,0.0,Harbord St / Grace St (Bickford Park),23,False,"['key', 'transitcard', 'phone']","['North', 'College St - Harbord St']",Ward 11 (Harbord St / Grace St),Ward 11 (Harbord St / Grace St),200.0,True,{},M6G 3A9,,Harbord St / Grace St,
7945,f8cc0299-e9c7-11ef-984e-124c66246c7d,Front St W / Spadina Ave,VAULT,43.64235480340359,-79.39519751877137,0.0,486 Front St W ,31,False,"['key', 'transitcard', 'phone']","['West', 'Fort York - Entertainment District']",Ward 10 ,Ward 10 ,100.0,True,{},M5V 0V2,,Front St W / Spadina Ave,
7946,f8cc0548-e9c7-11ef-984e-124c66246c7d,Richmond St W / Bathurst St,VAULT,43.64666748425228,-79.40299591349182,0.0,612 Richmond St W ,15,False,"['key', 'transitcard', 'phone']","['West', 'Fort York - Entertainment District']",Ward 10 (Richmond St W / Bathurst St),Ward 10 (Richmond St W / Bathurst St),200.0,True,{},M5V 1Y9,,Richmond St W / Bathurst St,
7947,f8cc2b00-e9c7-11ef-984e-124c66246c7d,Niagara St / Queen St W ,VAULT,43.64572868466845,-79.40990680181771,0.0,839 Queen St W ,11,False,"['key', 'transitcard', 'phone']","['West', 'Liberty Village - Queen West']",Ward 10 (839 Queen St W),Ward 10 (839 Queen St W),50.0,True,{},M6J 1G4,,Niagara St / Queen St W ,
7948,f8cc2e8a-e9c7-11ef-984e-124c66246c7d,Bathurst St / Housey St,VAULT,43.63781903961206,-79.40013176752855,0.0,Bathurst St / Housey St,23,False,"['key', 'transitcard', 'phone']","['West', 'Fort York - Entertainment District']",Ward 10 (95 Housey St),Ward 10 (95 Housey St),100.0,True,{},M5V 0S4,,Bathurst St / Housey St,
7949,f8cc31ca-e9c7-11ef-984e-124c66246c7d,Thompson St / Carroll St,VAULT,43.65907064983235,-79.35240134225845,0.0,Thompson St / Carroll St,15,False,"['key', 'transitcard', 'phone']","['East', 'Leslieville - Woodbine']",Ward 14 -(10 Thompson St),Ward 14 -(10 Thompson St),100.0,True,{},M4M 2A6,,,
7950,f8cc3459-e9c7-11ef-984e-124c66246c7d,Crawford St / Lobb Ave,VAULT,43.64654941401018,-79.41558900317995,0.0,Crawford St / Lobb Ave,23,False,"['key', 'transitcard', 'phone']","['West', 'Liberty Village - Queen West']",Ward 10 (155 Crawford St),Ward 10 (155 Crawford St),100.0,True,{},M6J 2V5,,Crawford St / Lobb Ave,
7951,f8cc36c9-e9c7-11ef-984e-124c66246c7d,Fort York Blvd / Grand Magazine St,VAULT,43.63758782904466,-79.40314232209015,0.0,Fort York Blvd / Grand Magazine St,19,False,"['key', 'transitcard', 'phone']","['West', 'Fort York - Entertainment District']",Ward 10 (183 Fort York Blvd),Ward 10 (183 Fort York Blvd),100.0,True,{},M5V 0C1,,Fort York Blvd / Grand Magazine St,
7952,f8cc3c23-e9c7-11ef-984e-124c66246c7d,Adelaide St W / York St ,VAULT,43.6491919790139,-79.38363237427446,0.0,Adelaide St W / York St ,19,False,"['key', 'transitcard', 'phone']","['West', 'Financial District']",Ward 10 (109 Adelaide St W),Ward 10 (109 Adelaide St W),100.0,True,{},M5H 1P9,,Adelaide St W / York St,
7953,f8cc3edb-e9c7-11ef-984e-124c66246c7d,Church St / Shuter St,REGULAR,43.65505698168995,-79.37651024603271,0.0, Church St / Shuter St,14,False,"['key', 'transitcard', 'creditcard', 'phone']","['South', 'Financial District']",Ward 13 (185 Church St),Ward 13 (185 Church St),100.0,True,{},M5B 1Y7,,Church St / Shuter St,
7954,f8cc41df-e9c7-11ef-984e-124c66246c7d,Adelaide St E / Parliament St,VAULT,43.65378337432506,-79.36335973372954,0.0,113 Parliament St,23,False,"['key', 'transitcard', 'phone']","['South', 'Regent Park - Distillery']",Ward 13 (113 Parliament St),Ward 13 (113 Parliament St),150.0,True,{},M5A 3Y7,,Adelaide St E / Parliament St,
7955,f8cc4848-e9c7-11ef-984e-124c66246c7d,Wellesley St E / Jarvis St,VAULT,43.6662047,-79.37901219999999,0.0,Wellesley St E / Jarvis St,23,False,"['key', 'transitcard', 'phone']","['South', 'Church Wellesley / Yorkville']",Ward 13 (100 Wellesley St E),Ward 13 (100 Wellesley St E),100.0,True,{},M4Y 1H5,,Wellesley St E / Jarvis St,
7956,f8cc4b06-e9c7-11ef-984e-124c66246c7d,Benshire Dr / The Meadoway,VAULT,43.76174092019504,-79.24473961415558,0.0,Benshire Dr / The Meadoway,11,False,"['key', 'transitcard', 'phone']","['East', 'Scarborough - Rouge Hill']",Ward 24 (61 Benshire Dr),Ward 24 (61 Benshire Dr),3400.0,True,{},M1H 1M4,,Benshire Dr / The Meadoway,
7957,f8cc4d79-e9c7-11ef-984e-124c66246c7d,Brimley Rd / Lawrence Ave E ,VAULT,43.75404854399297,-79.2553167552948,0.0,925 Brimley Rd,19,False,"['key', 'transitcard', 'phone']","['East', 'Scarborough - Rouge Hill']",Ward 21 (925 Brimley Rd),Ward 21 (925 Brimley Rd),400.0,True,{},M1P 3E8,,Brimley Rd / Lawrence Ave E,
7958,f8cc52d5-e9c7-11ef-984e-124c66246c7d,Centennial College (Ashtonbee Campus),VAULT,43.73003601845614,-79.2920036521843,0.0,75 Ashtonbee Rd,19,False,"['key', 'transitcard', 'phone']","['North', 'Scarborough - St. Clair']",Ward 21 - (75 Ashtobee Rd),Ward 21 - (75 Ashtobee Rd),500.0,True,{},M1L 4C9,,Ashtonbee Rd / Hakimi Ave,
7959,f8cc5669-e9c7-11ef-984e-124c66246c7d,Bellamy Rd N / The Meadoway,VAULT,43.76507271818177,-79.23835381614684,0.0,645 Bellamy Rd N,15,False,"['key', 'transitcard', 'phone']","['East', 'Scarborough - Rouge Hill']",Ward 24 (645 Bellamy Rd N),Ward 24 (645 Bellamy Rd N),200.0,True,{},M1H 2H1,,Bellamy Rd N / The Meadoway,
7960,f8cc5bd4-e9c7-11ef-984e-124c66246c7d,Markham Rd / The Meadoway ,VAULT,43.77121894873629,-79.22956526983644,0.0,960 Markham Rd,19,False,"['key', 'transitcard', 'phone']","['East', 'Scarborough - Rouge Hill']",Ward 24 (960 Markham Rd),Ward 24 (960 Markham Rd),200.0,True,{},M1H 2Y4,,Markham Rd / The Meadoway,
7961,f8cc5fea-e9c7-11ef-984e-124c66246c7d,Ellesmere Rd / Markham Rd,VAULT,43.77682938751077,-79.2305003612381,0.0,2180 Ellesmere Rd,15,False,"['key', 'transitcard', 'phone']","['East', 'Scarborough - Rouge Hill']",Ward 24 (2180 Ellesmere Rd),Ward 24 (2180 Ellesmere Rd),200.0,True,{},M1G 3M4,,Ellesmere Rd / Markham Rd,
7962,f8cc6526-e9c7-11ef-984e-124c66246c7d,Slan Ave / Scarborough Golf Club Rd,VAULT,43.77327261711258,-79.21971485277862,0.0,Slan Ave / Scarborough Golf Club Rd,15,False,"['key', 'transitcard', 'phone']","['East', 'Scarborough - Rouge Hill']",Ward 24 (21 Slan Ave),Ward 24 (21 Slan Ave),200.0,True,{},M1G 3B1,,Slan Ave / Scarborough Golf Club Rd,
7963,f8cc680d-e9c7-11ef-984e-124c66246c7d,Cedar Dr / Eglinton Ave E,VAULT,43.744208202155754,-79.21564636613158,0.0,Cedar Dr / Eglinton Ave E,11,False,"['key', 'transitcard', 'phone']","['East', 'Scarborough - Rouge Hill']",Ward 24 (5 Cedar Dr),Ward 24 (5 Cedar Dr),300.0,True,{},M1J,,Cedar Dr / Eglinton Ave E,
7964,f8cc6d1d-e9c7-11ef-984e-124c66246c7d,Kennedy Rd/Ranstone Gdns (Jack Goodlad Park),VAULT,43.74190570940633,-79.27181887640458,0.0,Kennedy Rd / Ranstone Gardens ,15,False,"['key', 'transitcard', 'phone']",['East'],Ward 21 (929 Kennedy Rd),Ward 21 (929 Kennedy Rd),2000.0,True,{},M1K 2E9,,Kennedy Rd / Ranstone Gardens,
7965,f8cc7066-e9c7-11ef-984e-124c66246c7d,Eglinton Ave E / Brimley Rd,VAULT,43.736952572933866,-79.24798367249146,0.0,Eglinton Ave E / Brimley Rd,19,False,"['key', 'transitcard', 'phone']","['East', 'Scarborough - Rouge Hill']",Ward 21 (2730 Eglinton Ave E),Ward 21 (2730 Eglinton Ave E),1100.0,True,{},M1J 2C6,,Eglinton Ave E / Brimley Rd ,
7966,f8cc88e0-e9c7-11ef-984e-124c66246c7d,Albany Ave / Dupont St,VAULT,43.67348899977229,-79.41339520555726,0.0,Albany Ave / Dupont St,15,False,"['key', 'transitcard', 'phone']","['West', 'Davenport - Dupont']",Ward 11 (275 Albany Ave),Ward 11 (275 Albany Ave),150.0,True,{},M5R 3E1,,Albany Ave / Dupont St,
7967,f8cc8c50-e9c7-11ef-984e-124c66246c7d,Gordonridge Pl / Danforth Rd,VAULT,43.72729077290258,-79.25237907196654,0.0,Gordonridge Pl / Danforth Rd,15,False,"['key', 'transitcard', 'phone']","['East', 'Scarborough - Rouge Hill']",Ward 20 (10 Gordonridge Pl),Ward 20 (10 Gordonridge Pl),1600.0,True,{},M1K 4H6,,Gordonridge Pl / Danforth Rd,
7968,f8cc926d-e9c7-11ef-984e-124c66246c7d,McCowan Rd / Trudelle St,VAULT,43.74033901575211,-79.23935319629516,0.0,McCowan Rd / Trudelle St,19,False,"['key', 'transitcard', 'phone']","['East', 'Scarborough - Rouge Hill']",Ward 21 (370 McCowan Rd),Ward 21 (370 McCowan Rd),1000.0,True,{},M1J 1J3,,McCowan Rd / Trudelle St,
7969,f8cc981d-e9c7-11ef-984e-124c66246c7d,Bayview Ave / Finch Recreational Trail,VAULT,43.789068698639504,-79.39315096004944,0.0,Bayview Ave / Finch Recreational Trail,19,False,"['key', 'transitcard', 'phone']","['North', 'North York - Willowdale']",Ward 18 (3292 Bayview Ave),Ward 18 (3292 Bayview Ave),2000.0,True,{},M2M,,Bayview Ave / Finch Recreational Trail,
7970,f8cc9fb6-e9c7-11ef-984e-124c66246c7d,Willowdale Ave / Bishop Ave ,VAULT,43.78387252467251,-79.40786809814757,0.0,Willowdale Ave / Bishop Ave ,19,False,"['key', 'transitcard', 'phone']","['North', 'North York - Willowdale']",Ward 18 (903 Willowdale Ave),Ward 18 (903 Willowdale Ave),300.0,True,{},M2M 3C2,,Willowdale Ave / Bishop Ave ,
7971,f8cca663-e9c7-11ef-984e-124c66246c7d,Talbot Rd / Finch Hydro Corridor,VAULT,43.78225298110634,-79.42367062831116,0.0,Talbot Rd / Finch Hydro Corridor,15,False,"['key', 'transitcard', 'phone']","['North', 'North York - Willowdale']",Ward 18 (105 Talbot Rd),Ward 18 (105 Talbot Rd),300.0,True,{},M2M 1S2,,Talbot Rd / Finch Hydro Corridor,
7972,f8ccacc6-e9c7-11ef-984e-124c66246c7d,Eglinton Ave E / Mason Rd ,VAULT,43.742037440522616,-79.22488680080262,0.0,Eglinton Ave E / Mason Rd ,11,False,"['key', 'transitcard', 'phone']","['East', 'Scarborough - Rouge Hill']",Ward 24 (3132 Eglinton Ave E),Ward 24 (3132 Eglinton Ave E),400.0,True,{},M1J 2H1,,Eglinton Ave E / Mason Rd,
7973,f8ccb286-e9c7-11ef-984e-124c66246c7d,Lawrence Ave E / Don Mills Trail,VAULT,43.73458185912293,-79.35485399272919,0.0,Lawrence Ave E / Don Mills Trail,19,False,"['key', 'transitcard', 'phone']","['North', 'Thorncliffe Park - Sunnybrook']",Ward 16 - (813 Lawrence Ave E),Ward 16 - (813 Lawrence Ave E),300.0,True,{},M3C 3W2,,,
7974,f8ccb960-e9c7-11ef-984e-124c66246c7d,Kempford Blvd / Yonge St,VAULT,43.776857235099826,-79.4151161430729,0.0,Kempford Blvd / Yonge St,19,False,"['key', 'transitcard', 'phone']","['North', 'North York - Willowdale']",Ward 18 - ( 5440 Kempford Blvd),Ward 18 - ( 5440 Kempford Blvd),100.0,True,{},M2N 5R8,,,
7975,f8ccd3d4-e9c7-11ef-984e-124c66246c7d,Empress Ave / Yonge St,VAULT,43.769395456625546,-79.41266521769707,0.0,2 Empress Ave,19,False,"['key', 'transitcard', 'phone']","['North', 'North York - Willowdale']",Ward 18 - (2 Empress Ave),Ward 18 - (2 Empress Ave),300.0,True,{},M2N 5P5,,,
7976,f8ccd904-e9c7-11ef-984e-124c66246c7d,Yonge St / Sheppard Ave E,VAULT,43.76128605777495,-79.41071644205269,0.0,Yonge St / Sheppard Ave E (south side),19,False,"['key', 'transitcard', 'phone']","['North', 'North York - Willowdale']",Ward 18 - ( 4789 Yonge St),Ward 18 - ( 4789 Yonge St),300.0,True,{},M2N 0G3,,,
7977,f8ccdbc9-e9c7-11ef-984e-124c66246c7d,Leslie Subway Station,VAULT,43.77037892370793,-79.36702734195678,0.0,Leslie Subway Station,15,False,"['key', 'transitcard', 'phone']","['North', 'North York - Willowdale']",Ward 17 - (2760 Old Leslie St),Ward 17 - (2760 Old Leslie St),300.0,True,{},M2K 1J2,,,
7978,f8ccde2e-e9c7-11ef-984e-124c66246c7d,Yonge St / North York Blvd,VAULT,43.76726589934926,-79.41263489814757,0.0,Yonge St / North York Blvd,23,False,"['key', 'transitcard', 'phone']","['North', 'North York - Willowdale']",Ward 18 (5090 Yonge St),Ward 18 (5090 Yonge St),250.0,True,{},M2N 5V7,,Yonge St / North York Blvd,
7979,f8cce099-e9c7-11ef-984e-124c66246c7d,Bond Ave / Don Mills Trail,VAULT,43.74475834253035,-79.35348069940567,0.0,Bond Ave / Don Mills Trail,19,False,"['key', 'transitcard', 'phone']","['North', 'Thorncliffe Park - Sunnybrook']",Ward 16 (50 Bond Ave),Ward 16 (50 Bond Ave),400.0,True,{},M3B 3R8,,Bond Ave / Don Mills Trail,
7981,f8cce619-e9c7-11ef-984e-124c66246c7d,Duncan Mill Rd / Valleybrook Dr,VAULT,43.76167125342455,-79.35258302698364,0.0,Duncan Mill Rd / Valleybrook Dr,15,False,"['key', 'transitcard', 'phone']","['North', 'Thorncliffe Park - Sunnybrook']",Ward 16 (225 Duncan Mill Rd),Ward 16 (225 Duncan Mill Rd),300.0,True,{},M3B 3K9,,Duncan Mills Rd / Valleybrook Dr,
7982,f8cce881-e9c7-11ef-984e-124c66246c7d,Finch Ave W / Wilmington Ave,VAULT,43.77060244428048,-79.45997589178772,0.0,Finch Ave W / Wilmington Ave,19,False,"['key', 'transitcard', 'phone']","['North', 'North York - York U']",Ward 6 (700 Finch Ave W),Ward 6 (700 Finch Ave W),400.0,True,{},M3H 5W5,,Finch Ave W / Wilmington Ave,
7983,f8cceadc-e9c7-11ef-984e-124c66246c7d,York Mills Rd / Lesmill Rd,VAULT,43.7549215557014,-79.35174838465576,0.0,York Mills Rd / Lesmill Rd,14,False,"['key', 'transitcard', 'phone']","['North', 'Thorncliffe Park - Sunnybrook']",Ward 16 (860 York Mills Rd),Ward 16 (860 York Mills Rd),500.0,True,{},M3B 1Y4,,York Mills Rd / Lesmill Rd,
7984,f8cced45-e9c7-11ef-984e-124c66246c7d,Lake Shore Blvd W / Bathurst St,REGULAR,43.63675592256874,-79.39920538954927,0.0,Lakeshore Blvd W / Bathurst St,23,False,"['key', 'transitcard', 'creditcard', 'phone']","['West', 'Fort York - Entertainment District']",Ward 10 (530 Lakeshore Blvd W),Ward 10 (530 Lakeshore Blvd W),200.0,True,{},M5V 1A5,,Lakeshore Blvd W / Bathurst St,
7985,f8ccf0bc-e9c7-11ef-984e-124c66246c7d,Hawksbury Dr / Sheppard Ave E ,VAULT,43.76816239444779,-79.38312075158996,0.0,Hawksbury Dr / Sheppard Ave E ,15,False,"['key', 'transitcard', 'phone']","['North', 'North York - Willowdale']",Ward 17 (640 Sheppard Ave E),Ward 17 (640 Sheppard Ave E),400.0,True,{},M2K 1B8,,Hawksbury Ave / Sheppard Ave E,
7986,f8ccf43a-e9c7-11ef-984e-124c66246c7d,Sheppard Ave E / Leslie St,VAULT,43.77114830031903,-79.36381166455688,0.0,Sheppard Ave E / Leslie St,19,False,"['key', 'transitcard', 'phone']","['North', 'North York - Willowdale']",Ward 17 (1295 Sheppard Ave E),Ward 17 (1295 Sheppard Ave E),400.0,True,{},M2J 1V1,,Sheppard Ave E / Leslie St,
7987,f8cd0795-e9c7-11ef-984e-124c66246c7d,Shaughnessy Blvd / Sheppard Ave E,VAULT,43.77351462694018,-79.35306224113921,0.0,Shaughnessy Blvd / Sheppard Ave E,15,False,"['key', 'transitcard', 'phone']","['North', 'North York - Willowdale']",Ward 17 (65 Shaughnessy Blvd),Ward 17 (65 Shaughnessy Blvd),400.0,True,{},M2J 1J2,,Shaughnessy Blvd / Sheppard Ave E,
7988,f8cd0c48-e9c7-11ef-984e-124c66246c7d,Brahms Ave / Finch Ave E,VAULT,43.79236326442992,-79.35836318028717,0.0,Brahms Ave / Finch Ave E,19,False,"['key', 'transitcard', 'phone']","['North', 'North York - Willowdale']",Ward 17 (2 Brahms Ave),Ward 17 (2 Brahms Ave),400.0,True,{},M2H 1H1,,Brahms Ave / Finch Ave E,
7989,f8cd0f7b-e9c7-11ef-984e-124c66246c7d,Don Mills Rd / Fairview Mall Dr,VAULT,43.77888550790407,-79.34837169762268,0.0,Don Mills Rd / Fairview Mall Dr,15,False,"['key', 'transitcard', 'phone']","['North', 'North York - Willowdale']",Ward 17 (5 Fairview Mall Dr),Ward 17 (5 Fairview Mall Dr),400.0,True,{},M2J 2Z1,,Don Mills Rd / Fairview Mall Dr,
7990,f8cd128f-e9c7-11ef-984e-124c66246c7d,Don Mills Rd / Goodview Rd,VAULT,43.78541420920414,-79.35368206868876,0.0,Don Mills Rd / Goodview Rd,11,False,"['key', 'transitcard', 'phone']","['North', 'North York - Willowdale']",Ward 17 (58 Goodview Rd),Ward 17 (58 Goodview Rd),400.0,True,{},M2J 2K6,,Don Mills Rd / Goodview Rd,
7991,f8cd1571-e9c7-11ef-984e-124c66246c7d,Kingston Rd / Markham Rd,VAULT,43.73878438927323,-79.21746485700835,0.0,Kingston Rd / Markham Rd,15,False,"['key', 'transitcard', 'phone']","['East', 'Scarborough - Rouge Hill']",Ward 24 (3490 Kingston Rd),Ward 24 (3490 Kingston Rd),500.0,True,{},M1M 1R5,,Kingston Rd / Markham Rd,
7992,f8cd18b4-e9c7-11ef-984e-124c66246c7d,Fairglen Cres / Weston Rd,VAULT,43.70876747477083,-79.53445192394257,0.0,Fairglen Cres / Weston Rd,11,False,"['key', 'transitcard', 'phone']","['North', 'Eglinton Ave W']",Ward 5 (2530 Weston Rd),Ward 5 (2530 Weston Rd),1000.0,True,{},M9N 0A2,,Fairglen Cres / Weston Rd,
7993,f8cd1b89-e9c7-11ef-984e-124c66246c7d,Wells St / Brunswick Ave,VAULT,43.67105163758377,-79.40904755211488,0.0,Wells St / Brunswick Ave,15,False,"['key', 'transitcard', 'phone']","['West', 'Bloor St W / Annex']",Ward 11 (50 Kendal Ave),Ward 11 (50 Kendal Ave),500.0,True,{},M5R 1L5,,Wells St / Brunswick Ave,
7994,f8cd1e48-e9c7-11ef-984e-124c66246c7d,Eglinton Ave E / Victoria Park Ave,VAULT,43.72486103230542,-79.30351306295167,0.0,Eglinton Ave E / Victoria Park Ave,11,False,"['key', 'transitcard', 'phone']","['North', 'Scarborough - St. Clair']",Ward 16 (1780 Eglinton Ave E),Ward 16 (1780 Eglinton Ave E),400.0,True,{},M4A 2T2,,,
7995,f8cd2177-e9c7-11ef-984e-124c66246c7d,Eglinton Ave W / Oakwood Ave,VAULT,43.69705023028765,-79.4437599043325,0.0,Eglinton Ave W / Oakwood Ave,15,False,"['key', 'transitcard', 'phone']",['Eglinton Ave W'],Ward 12 - ( 1615 Eglinton Ave W),Ward 12 - ( 1615 Eglinton Ave W),300.0,True,{},M6E 2H1,,,
7996,f8cd24e6-e9c7-11ef-984e-124c66246c7d,Scarborough GO Station,ELECTRICBIKESTATION,43.7170472128686,-79.25461030789113,0.0,Scarborough Go Station,23,True,"['key', 'transitcard', 'creditcard', 'phone']","['E-Charging ', 'East', 'Scarborough - St. Clair']",Scarborough GO Station,Scarborough GO Station,300.0,True,{},M1N 3W6,,,
7997,f8cd27cd-e9c7-11ef-984e-124c66246c7d,3220 Bloor St W,ELECTRICBIKESTATION,43.646186757495194,-79.51762536747455,0.0,3220 Bloor St W,39,True,"['key', 'transitcard', 'creditcard', 'phone']","['E-Charging ', 'West']",3220 Bloor St W ,3220 Bloor St W ,300.0,True,{},M8X,,,
7998,f8cd43e8-e9c7-11ef-984e-124c66246c7d,Eglinton West Subway Station,VAULT,43.69867103968614,-79.43680738560357,0.0,Eglinton West Subway Station,19,False,"['key', 'transitcard', 'phone']","['North', 'Eglinton Ave W']",Ward 8 - ( 1350 Eglinton Ave W) ,Ward 8 - ( 1350 Eglinton Ave W) ,300.0,True,{},M6C 3M8,,,
7999,f8cd47be-e9c7-11ef-984e-124c66246c7d,Lawrence Ave W / Marlee Ave,VAULT,43.715552692740914,-79.4461544565374,0.0,Lawrence Ave W / Marlee Ave,15,False,"['key', 'transitcard', 'phone']","['North', 'Eglinton Ave W']",Ward 8- ( 689 Lawrence Ave w),Ward 8- ( 689 Lawrence Ave w),500.0,True,{},M6A 1B3,,,
8000,f8cd4b6b-e9c7-11ef-984e-124c66246c7d,16 Riverview Gardens ,ELECTRICBIKESTATION,43.64883712159794,-79.48675294250663,0.0,16 Riverview Gardens ,31,True,"['key', 'transitcard', 'creditcard', 'phone']","['E-Charging ', 'West', 'Bloor St W - High Park']",16 Riverview Gardens,16 Riverview Gardens,500.0,True,{},M6S 4E6,,,
8001,f8cd4e41-e9c7-11ef-984e-124c66246c7d,Union Station (North) - SMART,SMARTMAPFRAME,43.645649620032444,-79.38116314068574,0.0,Union Station (North),24,False,"['key', 'transitcard', 'phone']","['Union', 'South', 'Financial District']",Union Station (North),Union Station (North),100.0,True,{},M5J 1E3,,,
8002,f8cd5119-e9c7-11ef-984e-124c66246c7d,Grantbrook St / Finch Hydro Corridor Trail,VAULT,43.780468305361154,-79.43280415488479,0.0,Grantbrook St / Finch Hydro Corridor,15,False,"['key', 'transitcard', 'phone']","['North', 'North York - Willowdale']",Ward 18 - ( 54 Grantbrook St ),Ward 18 - ( 54 Grantbrook St ),300.0,True,{},M2M 1C1,,,
8003,f8cd5458-e9c7-11ef-984e-124c66246c7d,Tecumseth St / Tecumseth Pl,VAULT,43.642697996199985,-79.4049993694586,0.0,Tecumseth St / Tecumseth Pl,11,False,"['key', 'transitcard', 'phone']","['West', 'Fort York - Entertainment District']",,,100.0,True,{},M5V 2R8,,,
8004,f8cd572b-e9c7-11ef-984e-124c66246c7d,21 Pleasant Blvd (1),ELECTRICBIKESTATION,43.687211810315254,-79.39269591804246,0.0,21 Pleasant Blvd (1),11,True,"['key', 'transitcard', 'creditcard', 'phone']","['E-Charging ', 'Mid Town', 'St Clair Ave W']",EBS @ CP11 - 21 Pleasant Blvd,EBS @ CP11 - 21 Pleasant Blvd,10.0,True,{},M4T 1G5,,Pleasant Blvd / Yonge St,
8005,f8cd5980-e9c7-11ef-984e-124c66246c7d,21 Pleasant Blvd (2),ELECTRICBIKESTATION,43.687204264115415,-79.39269726524513,0.0,21 Pleasant Blvd (2),11,True,"['key', 'transitcard', 'creditcard', 'phone']","['E-Charging ', 'Mid Town']",EBS @ CP11 - 21 Pleasant Blvd (2),EBS @ CP11 - 21 Pleasant Blvd (2),10.0,True,{},M4T 1G5,,,
8006,f8cd5c06-e9c7-11ef-984e-124c66246c7d,803 Richmond St W,ELECTRICBIKESTATION,43.644381896942434,-79.4108533793123,0.0,803 Richmond St W,23,True,"['key', 'transitcard', 'creditcard', 'phone']","['E-Charging ', 'Liberty Village - Queen West', 'Trinity - Bellwoods']",EBS @ CP53 - 803 Richmond St W ,EBS @ CP53 - 803 Richmond St W ,150.0,True,{},M6J 3N7,,Stanley Terrace / Richmond St W,
8007,f8cd5e5c-e9c7-11ef-984e-124c66246c7d,385 Pacific Ave,ELECTRICBIKESTATION,43.6651094724602,-79.46833581423087,0.0,385 Pacific Ave,0,True,"['key', 'transitcard', 'creditcard', 'phone']","['E-Charging ', 'West', 'Bloor St W / Annex']",EBS @ CP19 - 385 Pacific Ave,EBS @ CP19 - 385 Pacific Ave,200.0,True,{},M6P 1Z2,,,
8008,f8cd60bd-e9c7-11ef-984e-124c66246c7d,Brookdale Ave / Yonge St,SMARTMAPFRAME,43.72991999271573,-79.40372719797139,0.0,Brookdale Ave/ Yonge St,16,False,"['key', 'transitcard', 'phone']","['North', 'Thorncliffe Park - Sunnybrook']",Ward 8 - (4 Brookdale Ave),Ward 8 - (4 Brookdale Ave),300.0,True,{},M5M 1P3,,,
8009,f8cd6305-e9c7-11ef-984e-124c66246c7d,1 Shortt St,ELECTRICBIKESTATION,43.69592993313034,-79.45190139609524,0.0,1 Shortt St,39,True,"['key', 'transitcard', 'creditcard', 'phone']","['E-Charging ', 'North', 'Mid Town', 'Eglinton Ave W']",CP663 - 1 Shortt St,CP663 - 1 Shortt St,300.0,True,{},M6E 2J6,,,
8010,f8cd656f-e9c7-11ef-984e-124c66246c7d,Finch Ave W / Bathurst St,VAULT,43.77356135731388,-79.44404830910908,0.0,521 Finch Ave W,19,False,"['key', 'transitcard', 'phone']","['North', 'North York - York U', 'North York - Willowdale']",Ward 6 - (521 Finch Ave W),Ward 6 - (521 Finch Ave W),300.0,True,{},M2R 1N3,,,
8011,f8cd7020-e9c7-11ef-984e-124c66246c7d,33 Queen St E,ELECTRICBIKESTATION,43.6523196075425,-79.37684857674785,0.0,33 Queen St E,31,True,"['key', 'transitcard', 'creditcard', 'phone']","['E-Charging ', 'South', 'Financial District']",CP 26 - 33 Queen St E,CP 26 - 33 Queen St E,100.0,True,{},M5C 1R5,,,
8012,f8cd72f6-e9c7-11ef-984e-124c66246c7d,Cherry St / Polson St,ELECTRICBIKESTATION,43.643320932767004,-79.35120948518066,0.0,Cherry St / Polson St,19,True,"['key', 'transitcard', 'creditcard', 'phone']","['E-Charging ', 'East', 'South', 'Watefront']",Ward 14 (226 Cherry St),Ward 14 (226 Cherry St),300.0,True,{},M5A 1A5,,Cherry St / Polson St,
8013,f8cd76d3-e9c7-11ef-984e-124c66246c7d,Logan Ave / Eastern Ave - SMART,SMARTMAPFRAME,43.657925501075496,-79.34143486929416,0.0,Logan Ave / Eastern Ave - SMART,12,False,"['key', 'transitcard', 'phone']","['South', 'Leslieville - Woodbine']",Ward 14 (470 Eastern Ave),Ward 14 (470 Eastern Ave),150.0,True,{},M4M 1C2,,Logan Ave / Eastern Ave,
8014,5819967e-da3e-11f0-b51f-1214620ec1db,Wellington St W / Blue Jays Way,VAULT,43.64473387070102,-79.39168963262681,0.0,Wellington St W /Blue Jays way,23,False,"['key', 'transitcard', 'phone']","['South', 'Fort York - Entertainment District']",277 Wellington St W,277 Wellington St W,150.0,True,{},M5V 3H2,,Wellington St W / Blue Jays Way,
8015,5819a58a-da3e-11f0-b51f-1214620ec1db,Spadina Ave / Dundas St W - SMART,SMARTMAPFRAME,43.652352301216055,-79.39801617693556,0.0,Spadina Ave / Dundas St W - SMART,12,False,"['key', 'transitcard', 'phone']","['West', 'Fort York - Entertainment District']",272 Spadina Ave,272 Spadina Ave,150.0,True,{},M5T 2E7,,Spadina Ave / Dundas St W,
8016,5819b238-da3e-11f0-b51f-1214620ec1db,Queens Quay E / Freeland St,VAULT,43.64249948081925,-79.37285779318468,0.0,Queens Quay E / Freeland St,23,False,"['key', 'transitcard', 'phone']","['South', 'Watefront']",33 Queens Quay E ,33 Queens Quay E ,150.0,True,{},M5E 1L7,,Queens Quay E / Freeland St,
8017,5819bd13-da3e-11f0-b51f-1214620ec1db,Pharmacy Ave / Eglinton Ave E ,VAULT,43.72534466992445,-79.2976874085289,0.0,Pharmacy Ave / Eglinton Ave E ,15,False,"['key', 'transitcard', 'phone']","['North', 'Scarborough - St. Clair']",100 Eglinton Sq (Ward 10) ,100 Eglinton Sq (Ward 10) ,300.0,True,{},M1L 2K1,,Pharmacy Ave / Eglinton Ave E ,
8018,5819c039-da3e-11f0-b51f-1214620ec1db,Saulter St / Queen St E - SMART,SMARTMAPFRAME,43.65897697159562,-79.34715316627046,0.0,Saulter St / Queens St E - SMART,16,False,"['key', 'transitcard', 'phone']","['South', 'Leslieville - Woodbine']",771 Queen St E (Ward 10),771 Queen St E (Ward 10),200.0,True,{},M4M 1H5,,Saulter St / Queen St,
8020,5819c63e-da3e-11f0-b51f-1214620ec1db,Euclid Ave / Queen St W - SMART,SMARTMAPFRAME,43.64656806400965,-79.4076868902591,0.0,Euclid Ave / Queen St W,9,False,"['key', 'transitcard', 'phone']","['South', 'Fort York - Entertainment District']",Ward 10 (684 Queen St W),Ward 10 (684 Queen St W),300.0,True,{},M6J 1G1,,Euclid Ave / Queen St W,
8021,5819c913-da3e-11f0-b51f-1214620ec1db,Torresdale Ave / Finch Ave W,REGULAR,43.77245563489829,-79.45102085413427,0.0,Torresdale Ave / Finch Ave W,19,False,"['key', 'transitcard', 'creditcard', 'phone']","['North', 'North York - York U', 'North York - Willowdale']",Ward 6 - (10 Torresdale Ave),Ward 6 - (10 Torresdale Ave),300.0,True,{},M2R 3V8,,,
8022,5819cbe6-da3e-11f0-b51f-1214620ec1db,Sunrise Ave / Victoria Park Ave,VAULT,43.71940912890232,-79.30226117096939,0.0,25 Sunrise Ave,11,False,"['key', 'transitcard', 'phone']","['East', 'Scarborough - St. Clair']",Ward 19 (25 Sunrise Ave),Ward 19 (25 Sunrise Ave),500.0,True,{},M4A 2S2,,Sunrise Ave / Victoria Park Ave,
8023,5819cec1-da3e-11f0-b51f-1214620ec1db,Shaw St / College St,REGULAR,43.6551193,-79.4201454,0.0,Shaw St / College St,11,False,"['key', 'transitcard', 'creditcard', 'phone']","['West', 'College St - Harbord St']",Ward 11 ,Ward 11 ,500.0,True,{},M6G 1C4,,Shaw St / College St,
8025,5819d6c9-da3e-11f0-b51f-1214620ec1db,Front St E / Scott St (2),REGULAR,43.6476241415141,-79.37552498892019,0.0,Front St E / Scott St (2),11,False,"['key', 'transitcard', 'creditcard', 'phone']","['South', 'Financial District']",,,50.0,True,{},M5E 1X6,,Front St E / Scott St ,
8026,5819d99e-da3e-11f0-b51f-1214620ec1db,Jack Layton Ferry Terminal,VAULT,43.64103161936887,-79.37670442726134,0.0,Jack Layton Ferry Terminal,23,False,"['key', 'transitcard', 'phone']","['South', 'Watefront']",9 Queens Quay W ,9 Queens Quay W ,50.0,True,{},M5J 2H3,,Queens Quay W / Bay St,
8027,5819dc74-da3e-11f0-b51f-1214620ec1db,Hanlan's Point Ferry Dock,VAULT,43.6278286673252,-79.38962156604123,0.0,Hanlan's Point Ferry Dock,39,False,"['key', 'transitcard', 'phone']",['Toronto Islands'],Toronto Island (Hanlan's Point Ferry Dock),Toronto Island (Hanlan's Point Ferry Dock),1000.0,True,{},M5V 1A1,False,,
8028,5819dfc3-da3e-11f0-b51f-1214620ec1db,Ward's Island Ferry Dock,VAULT,43.62967431593075,-79.35603447900908,0.0,Ward's Island Ferry Dock,27,False,"['key', 'transitcard', 'phone']",['Toronto Islands'],Toronto Islands (Ward's Island Ferry Dock),Toronto Islands (Ward's Island Ferry Dock),4000.0,True,{},M5J 1X9,False,,
8029,5819e316-da3e-11f0-b51f-1214620ec1db,Hanlan's Point Beach,VAULT,43.61904360581232,-79.39068832406288,0.0,Hanlan's Point Beach,47,False,"['key', 'transitcard', 'phone']",['Toronto Islands'],Toronto Islands (Hanlan's Point Beach),Toronto Islands (Hanlan's Point Beach),1500.0,True,{},,False,,
8030,5819e5d1-da3e-11f0-b51f-1214620ec1db,Centre Island Ferry Dock,VAULT,43.622020652213855,-79.37888203400495,0.0,Centre Island Ferry Dock,35,False,"['key', 'transitcard', 'phone']",['Toronto Islands'],Toronto Island - Centre Island Ferry Dock,Toronto Island - Centre Island Ferry Dock,500.0,True,{},,False,,
8031,5819e870-da3e-11f0-b51f-1214620ec1db,Ancaster Rd / Spalding Rd,VAULT,43.73359486358252,-79.46651489022999,0.0,Ancaster Rd / Spalding Rd,15,False,"['key', 'transitcard', 'phone']","['North', 'North York - York U']",Ward 6 (43 Ancaster Rd),Ward 6 (43 Ancaster Rd),1000.0,True,{},M3K 1S7,,Ancaster Rd / Spalding Rd,
8032,5819eb17-da3e-11f0-b51f-1214620ec1db,Roding St / Nash Dr,VAULT,43.72885964584396,-79.49202997658232,0.0,Roding St / Nash Dr,15,False,"['key', 'transitcard', 'phone']","['North', 'North York - York U']",Ward 6 (600 Roding St),Ward 6 (600 Roding St),1000.0,True,{},M3M 2A6,,Roding St / Nash Dr,
8033,5819edca-da3e-11f0-b51f-1214620ec1db,Ridge Rd / Wilson Ave ,VAULT,43.723786959308256,-79.49416269814759,0.0,Ridge Rd / Wilson Ave ,19,False,"['key', 'transitcard', 'phone']","['North', 'North York - York U']",Ward 6 (1303 Wilson Ave),Ward 6 (1303 Wilson Ave),1000.0,True,{},M3M 1J1,,Ridge Rd / Wilson Ave,
8034,5819f07e-da3e-11f0-b51f-1214620ec1db,Exbury Rd / Jane St,VAULT,43.729522486553826,-79.5101425092621,0.0,Exbury Rd / Jane St,15,False,"['key', 'transitcard', 'phone']","['North', 'North York - York U']",Ward 6 (195 Exbury Rd),Ward 6 (195 Exbury Rd),500.0,True,{},M3M 1R9,,Exbury Rd / Jane St,
8035,5819f322-da3e-11f0-b51f-1214620ec1db,Dubray Ave / Wilson Ave,VAULT,43.728617628977695,-79.47800122943039,0.0,Dubray Ave / Wilson Ave,19,False,"['key', 'transitcard', 'phone']","['North', 'North York - York U']",Ward 6 (1006 Wilson Ave),Ward 6 (1006 Wilson Ave),1000.0,True,{},M3K 1G6,,Dubray Ave / Wilson Ave,
8036,5819f5bb-da3e-11f0-b51f-1214620ec1db,Jane St / Sheppard Ave W,VAULT,43.73901341370186,-79.51286317927207,0.0,Jane St / Sheppard Ave W,19,False,"['key', 'transitcard', 'phone']","['North', 'North York - York U']",Ward 6 (2645 Jane St),Ward 6 (2645 Jane St),1000.0,True,{},M3L 1R9,,Jane St / Sheppard Ave W,
8037,5819f85c-da3e-11f0-b51f-1214620ec1db,Bathurst St / Sheppard Ave W,VAULT,43.7551762288098,-79.43812182651081,0.0,Bathurst St / Sheppard Ave W,15,False,"['key', 'transitcard', 'phone']","['North', 'North York - York U']",Ward 6 (4383 Bathurst St),Ward 6 (4383 Bathurst St),1000.0,True,{},M3H 3P8,,Bathurst St / Sheppard Ave W,
8038,5819fb24-da3e-11f0-b51f-1214620ec1db,Finch Ave E / Upper Don Recreational Trail ,VAULT,43.78893788312306,-79.37488868750592,0.0,Finch Ave E / Upper Don Recreational Trail ,11,False,"['key', 'transitcard', 'phone']","['North', 'North York - Willowdale']",Ward 6 (750 Finch Ave E),Ward 6 (750 Finch Ave E),1000.0,True,{},M2J 2P9,,Finch Ave E / Upper Don Recreational Trail ,
8039,5819fe1b-da3e-11f0-b51f-1214620ec1db,Ruddington Dr / Finch Recreational Trail,VAULT,43.789781888844246,-79.38988621716194,0.0,Ruddington Dr / Finch Recreational Trail,19,False,"['key', 'transitcard', 'phone']","['North', 'North York - Willowdale']",Ward 6 (38 Ruddington Dr),Ward 6 (38 Ruddington Dr),1000.0,True,{},M2K 2J8,,Ruddington Dr /Finch Recreational Trail,
8040,581a01cc-da3e-11f0-b51f-1214620ec1db,Old Cummer GO Station,VAULT,43.79442338280241,-79.36925879507179,0.0,Old Cummer GO Station,23,False,"['key', 'transitcard', 'phone']","['North', 'North York - Willowdale']",Ward 6 (5760 Leslie St),Ward 6 (5760 Leslie St),1000.0,True,{},M2H 1W6,,Leslie St / Old Cummer Ave,
8041,581a062f-da3e-11f0-b51f-1214620ec1db,Wilmington Ave / Kennard Ave,VAULT,43.76115848103729,-79.4560000049282,0.0,Wilmington Ave / Kennard Ave,11,False,"['key', 'transitcard', 'phone']","['North', 'North York - York U']",Ward 6 (205 Wilmington Ave),Ward 6 (205 Wilmington Ave),998.0,True,{},M3H 6B3,,Wilmington Ave / Kennard Ave ,
8042,581a093c-da3e-11f0-b51f-1214620ec1db,Fairview Mall Dr / Fairview Mall Dr E,VAULT,43.77967215439899,-79.3429500491085,0.0,Fairview Mall Dr / Fairview Mall Dr E,19,False,"['key', 'transitcard', 'phone']","['North', 'North York - Willowdale']",Ward 6 (146 Fairview Mall Dr),Ward 6 (146 Fairview Mall Dr),1000.0,True,{},M2J 5B9,,Fairview Mall Dr / Fairview Mall Dr E,
8043,581a0c26-da3e-11f0-b51f-1214620ec1db,Birchmount Rd / The Meadoway,VAULT,43.73893212110537,-79.28118032582971,0.0,Birchmount Rd / The Meadoway,15,False,"['key', 'transitcard', 'phone']","['East', 'Scarborough - St. Clair']",1 Ranstone Gardens,1 Ranstone Gardens,1000.0,True,{},M1K 2T3,,Birchmount Rd / The Meadoway,
8044,581a0f15-da3e-11f0-b51f-1214620ec1db,Scarborough Village Park,VAULT,43.74715113437855,-79.21450235913849,0.0,Scarborough Village Park,11,False,"['key', 'transitcard', 'phone']","['East', 'Scarborough - Rouge Hill']",23 Gatesview Ave,23 Gatesview Ave,996.0,True,{},M1J 3G4,,Gatesview Ave / Scarborough Golf Club Rd,
8045,581a1217-da3e-11f0-b51f-1214620ec1db,Prudential Dr / Midland Ave,VAULT,43.74956621257908,-79.26572190926208,0.0,Prudential Dr / Midland Ave,15,False,"['key', 'transitcard', 'phone']","['East', 'Scarborough - Rouge Hill']",1380 Midland Ave,1380 Midland Ave,1000.0,True,{},M1P 4W5,,Prudential Dr / Midland Ave,
8046,581a14e0-da3e-11f0-b51f-1214620ec1db,Markham Rd / Cougar Crt,VAULT,43.744988965771036,-79.21944366329879,0.0,Markham Rd / Cougar Crt,11,False,"['key', 'transitcard', 'phone']","['East', 'Scarborough - Rouge Hill']",215 Markham Rd,215 Markham Rd,1000.0,True,{},M1J 3C4,,Markham Rd / Cougar Crt,
8047,581a17ab-da3e-11f0-b51f-1214620ec1db,Lawrence Ave E / Overture Rd,VAULT,43.76564053924766,-79.19961493121338,0.0,Lawrence Ave E / Overture Rd,11,False,"['key', 'transitcard', 'phone']","['East', 'Scarborough - Rouge Hill']",4000 Lawrence Ave E ,4000 Lawrence Ave E ,1000.0,True,{},M1E 2R3,,Lawrence Ave E / Overture Rd,
8048,581a1a9a-da3e-11f0-b51f-1214620ec1db,Morningside Ave / Kingston Rd,VAULT,43.769079266710015,-79.18711363068849,0.0,Morningside Ave / Kingston Rd,15,False,"['key', 'transitcard', 'phone']","['East', 'Scarborough - Rouge Hill']",4479 Kingston Rd,4479 Kingston Rd,1000.0,True,{},M1E 2N7,,Morningside Ave / Kingston Rd,
8049,581a1d57-da3e-11f0-b51f-1214620ec1db,YZD,VAULT,43.7368015,-79.4687878,0.0,YZD,19,False,"['key', 'transitcard', 'phone']","['North', 'North York - York U']",34 Hanover Rd,34 Hanover Rd,1000.0,True,{},M3K 0E2,,,
8050,581a2057-da3e-11f0-b51f-1214620ec1db,Wilson Ave / Transit Rd (TTC Subway Station),VAULT,43.733458993753736,-79.45338806896149,0.0,Wilson Ave / Transit Rd (TTC Subway Station),23,False,"['key', 'transitcard', 'phone']","['North', 'North York - York U']",30 Billy bishop way,30 Billy bishop way,1000.0,True,{},M3K 0C2,,Wilson Ave / Transit rd,
8051,581a2361-da3e-11f0-b51f-1214620ec1db,Homewood Ave / Wellesley St E - SMART,SMARTMAPFRAME,43.666978011780685,-79.37594518686855,0.0,Homewood Ave / Wellesley St E - SMART,11,False,"['key', 'transitcard', 'phone']","['South', 'Church Wellesley / Yorkville']",120 Homewood Ave ,120 Homewood Ave ,300.0,True,{},M4Y 2J3,,Homewood Ave / Wellesley St E,
8052,581a263b-da3e-11f0-b51f-1214620ec1db,Warden Ave / The Meadoway,VAULT,43.735547813563755,-79.2905190837737,0.0,Warden Ave / The Meadoway,11,False,"['key', 'transitcard', 'phone']","['East', 'Scarborough - St. Clair']",978 Warden Ave ,978 Warden Ave ,1000.0,True,{},M1R 2N7,,Warden Ave / The Meadoway,
8053,581a2959-da3e-11f0-b51f-1214620ec1db,Galloway Rd / Kingston Rd ,VAULT,43.76247244509665,-79.19469250674761,0.0,Galloway Rd / Kingston Rd ,17,False,"['key', 'transitcard', 'phone']","['East', 'Scarborough - Rouge Hill']",4250 kingston Rd,4250 kingston Rd,500.0,True,{},M1E 1X3,,Galloway Rd / Kingston Rd,
8054,581a2c2b-da3e-11f0-b51f-1214620ec1db,Sheppard Ave E / Brian Dr,VAULT,43.7751833232896,-79.33044338101735,0.0,Sheppard Ave E / Brian Dr,19,False,"['key', 'transitcard', 'phone']","['North', 'Scarborough North']",2000 Sheppard Ave E,2000 Sheppard Ave E,1000.0,True,{},M2J 4W6,,Sheppard Ave E / Brian Dr,
8055,581a2ef3-da3e-11f0-b51f-1214620ec1db,Sheppard Ave E / Willowdale Ave ,VAULT,43.76411174298419,-79.39833699652739,0.0,Sheppard Ave E / Willowdale Ave ,11,False,"['key', 'transitcard', 'phone']","['North', 'North York - Willowdale']",209 Sheppard Ave E,209 Sheppard Ave E,1000.0,True,{},M1S 1V2,,Sheppard Ave E / Willowdale Ave,
8056,581a31ea-da3e-11f0-b51f-1214620ec1db,Parkway Forest Dr / Forest Manor Rd (North),VAULT,43.77470557954765,-79.34275329457512,0.0,Parkway Forest Dr / Forest Manor Rd (North),19,False,"['key', 'transitcard', 'phone']","['North', 'North York - Willowdale']",110 Parkway Forest Dr,110 Parkway Forest Dr,500.0,True,{},M2J 1L7,,Parkway Forest Dr / Forest Manor Rd,
8057,581a34ce-da3e-11f0-b51f-1214620ec1db,Parkway Forest Dr / Forest Manor Rd (South),VAULT,43.769529687223894,-79.34338171403495,0.0,36 Parkway Forest Dr ,19,False,"['key', 'transitcard', 'phone']","['North', 'North York - Willowdale']",36 Parkway Forest Dr ,36 Parkway Forest Dr ,500.0,True,{},M2J,,Parkway Forest Dr / Forest Manor Rd,
8058,581a37a0-da3e-11f0-b51f-1214620ec1db,Maxome Ave / Finch Hydro Corridor,VAULT,43.78611619378111,-79.40039054088744,0.0,Maxome Ave / Finch Hydro Corridor,19,False,"['key', 'transitcard', 'phone']","['North', 'North York - Willowdale']",190 Bishop Ave ,190 Bishop Ave ,1000.0,True,{},M2M 1Z7,,Maxome Ave / Bishop Ave,
8059,581a3a80-da3e-11f0-b51f-1214620ec1db,Ionview Rd / Eglinton Ave E,VAULT,43.73170279350989,-79.27149201786922,0.0,Ionview Rd / Eglinton Ave E,11,False,"['key', 'transitcard', 'phone']","['East', 'Scarborough - St. Clair']",10 Ionview Rd,10 Ionview Rd,1000.0,True,{},M1K 2P3,,Ionview Rd / Eglinton Ave E,
8060,581a3d7f-da3e-11f0-b51f-1214620ec1db,Gilder Dr / Midland Ave,VAULT,43.7365986,-79.2578451,0.0,Gilder Dr / Midland Ave,15,False,"['key', 'transitcard', 'phone']","['East', 'Scarborough - Rouge Hill']",20 Gilder Dr,20 Gilder Dr,1000.0,True,{},M1K 5E1,,Gilder Dr / Midland Ave,
8061,581a411e-da3e-11f0-b51f-1214620ec1db,Stansbury Cr / Midland Ave,VAULT,43.742513527508905,-79.26124310383767,0.0,Stansbury Cr / Midland Ave,11,False,"['key', 'transitcard', 'phone']","['East', 'Scarborough - Rouge Hill']",1085 Midland Ave,1085 Midland Ave,1000.0,True,{},M1K 4G7,,Stansbury Cr / Midland Ave,
8062,581a4409-da3e-11f0-b51f-1214620ec1db,Bay St / King St W,REGULAR,43.64837534148549,-79.3799828091115,0.0,Bay St / King St W,23,False,"['key', 'transitcard', 'creditcard', 'phone']","['South', 'Financial District']",199 Bay St,199 Bay St,150.0,True,{},M5L 1G9,,Bay St / King St W,
8063,581a48b7-da3e-11f0-b51f-1214620ec1db,Maida Vale Park,VAULT,43.73310396818645,-79.27702819926358,0.0,Maida Vale Park,11,False,"['key', 'transitcard', 'phone']","['East', 'Scarborough - St. Clair']",1 Reno Dr,1 Reno Dr,1000.0,True,{},M1K 2V5,,Reno Dr / Maida Vale ,
8064,581a4b8b-da3e-11f0-b51f-1214620ec1db,Kennedy Rd / Bertrand Ave,VAULT,43.73746176713744,-79.26995937672586,0.0,Kennedy Rd / Bertrand Ave,11,False,"['key', 'transitcard', 'phone']","['East', 'Scarborough - Rouge Hill']",855 Kennedy Rd,855 Kennedy Rd,1000.0,True,{},M1K 2E3,,Kennedy Rd / Bertrand Ave,
8065,581a4e4b-da3e-11f0-b51f-1214620ec1db,Brockley Dr / Lawrence Ave E,VAULT,43.752354851176584,-79.26279658857231,0.0,Brockley Dr / Lawrence Ave E,11,False,"['key', 'transitcard', 'phone']","['East', 'Scarborough - Rouge Hill']",2640 Lawrence Ave E,2640 Lawrence Ave E,500.0,True,{},M1P,,Brockley Dr / Lawrence Ave E ,
8066,581a515a-da3e-11f0-b51f-1214620ec1db,Danforth Rd / Savarin St,VAULT,43.74307247062562,-79.24531812219966,0.0,Danforth Rd / Saverin St,15,False,"['key', 'transitcard', 'phone']","['East', 'Scarborough - Rouge Hill']",1340 Danforth Rd,1340 Danforth Rd,500.0,True,{},M1J 1G2,,Danforth Rd / Saverin St,
8070,581a6f27-da3e-11f0-b51f-1214620ec1db,Centre Island,VAULT,43.61851569484422,-79.3730330079146,0.0,Centre Island,31,False,"['key', 'transitcard', 'phone']",['Toronto Islands'],Toronto Islands (Centre Island),Toronto Islands (Centre Island),1000.0,True,{},,False,,
8073,581a79d7-da3e-11f0-b51f-1214620ec1db,Finch Ave E / Midland Ave,VAULT,43.80356565011367,-79.28669605472409,0.0,Finch Ave E / Midland Ave,14,False,"['key', 'transitcard', 'phone']","['East', 'Scarborough North']",3030 Midland Ave,3030 Midland Ave,2000.0,True,{},M1S 3T1,,,
8074,581a7cf2-da3e-11f0-b51f-1214620ec1db,Huntingwood Dr / Midland Ave,VAULT,43.79690348659038,-79.28376281529815,0.0,Huntingwood Dr / Midland Ave,11,False,"['key', 'transitcard', 'phone']","['East', 'Scarborough North']",1077 Huntingwood Dr,1077 Huntingwood Dr,1000.0,True,{},M1S 3H4,,Huntingwood Dr / Midland Ave ,
8075,581a7fde-da3e-11f0-b51f-1214620ec1db,Marine Parade Dr / Humber Bay Shores Park Trl,VAULT,43.626461825093834,-79.47675102302073,0.0,Marine Parade Dr / Humber Bay Shores Park Trl,19,False,"['key', 'transitcard', 'phone']","['West', 'Humber Bay Shores']",62 Marine Parade Dr,62 Marine Parade Dr,500.0,True,{},M8V 4G1,,,
8076,581a82c8-da3e-11f0-b51f-1214620ec1db,Warden Ave / Huntingwood Dr,VAULT,43.78571682234873,-79.31081039604902,0.0,Warden Ave / Huntingwood Dr,11,False,"['key', 'transitcard', 'phone']","['East', 'Scarborough North']",2385 Warden Ave,2385 Warden Ave,2000.0,True,{},M1W 1G8,,Warden Ave / Huntingwood Dr,
8077,581a859d-da3e-11f0-b51f-1214620ec1db,Silver Springs Blvd / Birchmount Rd,VAULT,43.800737007917,-79.30671242148874,0.0,Silver Springs Blvd / Birchmount Rd,11,False,"['key', 'transitcard', 'phone']","['East', 'Scarborough North']",25 Silver Springs Blvd,25 Silver Springs Blvd,1500.0,True,{},M1V 1M9,,Silver Springs Blvd / Birchmount Rd,
8078,581a884c-da3e-11f0-b51f-1214620ec1db,Victoria Park Ave / Patrick Blvd ,VAULT,43.7777592874974,-79.32390892420574,0.0,Victoria Park Ave / Patrick Blvd ,15,False,"['key', 'transitcard', 'phone']","['North', 'Scarborough North']",2727 Victoria Park Ave ,2727 Victoria Park Ave ,1000.0,True,{},M1T 1A6,,Victoria Park Ave / Patrick Blvd ,
8079,581a8cea-da3e-11f0-b51f-1214620ec1db,Aurora Ct / Bridletowne Cir,VAULT,43.79283961726625,-79.31685173498637,0.0,Aurora Ct / Bridletowne Cir,11,False,"['key', 'transitcard', 'phone']","['North', 'Scarborough North']",200 Bridletowne Cir,200 Bridletowne Cir,1500.0,True,{},M1W 2G8,,Aurora Ct / Bridletowne Cir ,
8080,581a901a-da3e-11f0-b51f-1214620ec1db,Bay Mills Blvd / Birchmount Ave,VAULT,43.78342986112393,-79.29955890113074,0.0,Bay Mills Blvd / Birchmount Ave,15,False,"['key', 'transitcard', 'phone']","['North', 'Scarborough North']",2360 Birchmount Rd,2360 Birchmount Rd,1000.0,True,{},M1T 2M4,,Bay Mills Blvd / Birchmount Rd,
8081,581a930e-da3e-11f0-b51f-1214620ec1db,Bridlewood Park,VAULT,43.78402991418279,-79.31629774014742,0.0,Bridlewood Park,11,False,"['key', 'transitcard', 'phone']","['North', 'Scarborough North']",445 Huntingwood Dr,445 Huntingwood Dr,1500.0,True,{},M1W 1G3,,Huntingwood Dr / Kilkenny Dr,
8082,581a95f8-da3e-11f0-b51f-1214620ec1db,Village Green Square,VAULT,43.77826306735535,-79.28174956176564,0.0,Village Green Square,15,False,"['key', 'transitcard', 'phone']","['East', 'North', 'Scarborough - Rouge Hill']",160 Village Green Square,160 Village Green Square,1000.0,True,{},M1S 0L1,,,
8083,581a98c6-da3e-11f0-b51f-1214620ec1db,Eastview Park,VAULT,43.759071409320356,-79.18945281711036,0.0,Eastview Park,11,False,"['key', 'transitcard', 'phone']","['East', 'Scarborough - Rouge Hill']",43 Waldock St,43 Waldock St,1000.0,True,{},M1E 2E7,,Waldock St / Poplar Rd,
8084,581a9b91-da3e-11f0-b51f-1214620ec1db,Grenville St / Yonge St ,REGULAR,43.662029346625715,-79.38360958402289,0.0,Grenville St / Yonge St ,14,False,"['key', 'transitcard', 'creditcard', 'phone']","['South', 'Church Wellesley / Yorkville']",470 Yonge St ,470 Yonge St ,1000.0,True,{},M4Y 1X5,,Grenville St / Yonge St,
8085,581a9e64-da3e-11f0-b51f-1214620ec1db,Lawrence Ave W / Bathurst St,VAULT,43.71901032217961,-79.43009089116728,0.0,Lawrence Ave W / Bathurst St,11,False,"['key', 'transitcard', 'phone']","['North', 'Eglinton Ave W']",507 Lawrence Ave W,507 Lawrence Ave W,996.0,True,{},M6B 4K2,,Lawrence Ave W / Bathurst St,
8086,581aa12f-da3e-11f0-b51f-1214620ec1db,Lawrence Ave W / Dufferin St,VAULT,43.714317848363905,-79.45414485709222,0.0,Lawrence Ave W / Dufferin St,15,False,"['key', 'transitcard', 'phone']","['North', 'Eglinton Ave W']",812 Lawrence Ave W,812 Lawrence Ave W,500.0,True,{},M6A 0B5,,Lawrence Ave W / Dufferin St,
8087,581aa8b2-da3e-11f0-b51f-1214620ec1db,Front St E / Cooperage St,REGULAR,43.65296378015573,-79.35711048354281,0.0,Front St E / Cooperage St,19,False,"['key', 'transitcard', 'creditcard', 'phone']","['South', 'Regent Park - Distillery']",416 Front St E ,416 Front St E ,500.0,True,{},M5A 0H8,,Front St E / Cooperage St,
8088,581aabbf-da3e-11f0-b51f-1214620ec1db,Lawrence Ave W / Renfield St,VAULT,43.70402998554811,-79.4988335075738,0.0,Lawrence Ave W / Renfield St,11,False,"['key', 'transitcard', 'phone']","['North', 'Eglinton Ave W']",1750 Lawrence Ave W,1750 Lawrence Ave W,1000.0,True,{},M6L 3C4,,Lawrence Ave W / Renfield St,
8089,581aaeb8-da3e-11f0-b51f-1214620ec1db,Lawrence Ave W / Pine St,VAULT,43.70177452503352,-79.50850451132469,0.0,Lawrence Ave W / Pine St,15,False,"['key', 'transitcard', 'phone']","['North', 'Eglinton Ave W']",1965 Lawrence Ave W,1965 Lawrence Ave W,1000.0,True,{},M9N 2Y8,,Lawrence Ave W / Pine St,
8090,581ab175-da3e-11f0-b51f-1214620ec1db,Church St / Cypress St,VAULT,43.706385752681484,-79.51671697675717,0.0,Church St / Cypress St,15,False,"['key', 'transitcard', 'phone']","['West', 'North', 'Eglinton Ave W']",54 Elm St,54 Elm St,1000.0,True,{},M9N 1L3,,Church St / Cypress St,
8091,581ab456-da3e-11f0-b51f-1214620ec1db,Rockcliffe Blvd / Alliance Ave,VAULT,43.67651939727437,-79.48942027086547,0.0,Rockcliffe Blvd / Alliance Ave,11,False,"['key', 'transitcard', 'phone']","['West', 'North', 'Eglinton Ave W']",501 Alliance Ave,501 Alliance Ave,1000.0,True,{},M6N 2J1,,Rockcliffe Blvd / Alliance Ave,
8092,581ab741-da3e-11f0-b51f-1214620ec1db,Jane St / Woolner Ave (Woolner Park),VAULT,43.67119618326082,-79.49337217955949,0.0,Jane St / Woolner Ave (Woolner Park),15,False,"['key', 'transitcard', 'phone']","['West', 'Eglinton Ave W']",735 Jane St,735 Jane St,1000.0,True,{},M6N 1V1,,Jane St / Woolner Ave ,
8093,581aba03-da3e-11f0-b51f-1214620ec1db,Jane St / Spenvalley Dr,VAULT,43.740937072210514,-79.51338882645875,0.0,Jane St / Spenvalley Dr,15,False,"['key', 'transitcard', 'phone']","['North', 'North York - York U']",2725 Jane St,2725 Jane St,1000.0,True,{},M3L 1S3,,Jane St / Spenvalley Dr,
8094,581abce9-da3e-11f0-b51f-1214620ec1db,Baycrest Ave / Bathurst St,VAULT,43.72966526118746,-79.4324727837474,0.0,Baycrest Ave / Bathurst St,19,False,"['key', 'transitcard', 'phone']","['North', 'Eglinton Ave W']",3560 Bathurst St,3560 Bathurst St,1000.0,True,{},M6A 2E1,,Baycrest Ave / Bathurst St,
8095,581ac602-da3e-11f0-b51f-1214620ec1db,Weston Rd / Gaydon Ave,VAULT,43.720581848570575,-79.53729089399313,0.0,Weston Rd / Gaydon Ave,11,False,"['key', 'transitcard', 'phone']","['North', 'North York - York U']",2831 Weston Rd,2831 Weston Rd,1001.0,True,{},M9M 2S1,,Weston Rd / Gaydon Ave,
8096,581ac939-da3e-11f0-b51f-1214620ec1db,Commissioners St / Bouchette St,VAULT,43.65026890973696,-79.34072579882069,0.0,Commissioners St / Bouchette St,20,False,"['key', 'transitcard', 'phone']","['South', 'Watefront']",225 Commissioner St,225 Commissioner St,1000.0,True,{},M4M 1A2,,Commissioners St / Bouchette St,
8099,581ae158-da3e-11f0-b51f-1214620ec1db,Jane St / Milo Park Gt,VAULT,43.76610505781775,-79.51987577480911,0.0,Jane St / Milo Park Gt,11,False,"['key', 'transitcard', 'phone']","['North', 'North York - York U']",4444 Jane St,4444 Jane St,1000.0,True,{},M3N 2K3,,Jane St / Milo Park Gt,
8101,581af3d1-da3e-11f0-b51f-1214620ec1db,Pape Ave / Hopedale Ave,VAULT,43.69651434782748,-79.35001867455148,0.0,Pape Ave / Hopedale Ave,15,False,"['key', 'transitcard', 'phone']",['Danforth'],1404 Pape Ave,1404 Pape Ave,500.0,True,{},M4K 3N1,,Pape Ave / Hopedale Ave,
8102,581af9f3-da3e-11f0-b51f-1214620ec1db,Sheppard Ave W / Magellan Dr,VAULT,43.73973760710352,-79.50986836326231,0.0,Sheppard Ave W / Magellan Dr,15,False,"['key', 'transitcard', 'phone']","['North', 'North York - York U']",1906 Sheppard Ave W,1906 Sheppard Ave W,1000.0,True,{},M3L 1Y7,,Sheppard Ave W / Magellan Dr,
8104,581b0704-da3e-11f0-b51f-1214620ec1db,Toronto Public Library - Agincourt,VAULT,43.785521175652185,-79.29353421246093,0.0,Toronto Public Library - Agincourt,15,False,"['key', 'transitcard', 'phone']","['East', 'Scarborough North']",155 Bonis Ave,155 Bonis Ave,1000.0,True,{},M1T 3W6,,,
8105,581b09f6-da3e-11f0-b51f-1214620ec1db,Kennedy Rd / Finch Recreational Trail,VAULT,43.8104818757924,-79.30130778609832,0.0,Kennedy Rd / Finch Recreational Trail,15,False,"['key', 'transitcard', 'phone']","['East', 'Scarborough North']",3088 Kennedy Rd,3088 Kennedy Rd,1000.0,True,{},M1V 5M4,,Kennedy Rd / Finch Recreational Trail,
8106,581b0cd1-da3e-11f0-b51f-1214620ec1db,Memorial Park Ave / Kimbourne Ave ,VAULT,43.69089523584503,-79.33452042883253,0.0,Memorial Park Ave / Kimbourne Ave ,11,False,"['key', 'transitcard', 'phone']",['Danforth'],455 Cosburn Ave,455 Cosburn Ave,500.0,True,{},M4J 2N2,,Memorial Park Ave / Kimbourne Ave ,
8107,581b0f9b-da3e-11f0-b51f-1214620ec1db,Pitfield Rd / McCowan Rd,VAULT,43.787452441118305,-79.25768393212577,0.0,Pitfield Rd / McCowan Rd,15,False,"['key', 'transitcard', 'phone']","['East', 'Scarborough North']",360 Pitfield Rd,360 Pitfield Rd,1000.0,True,{},M1S 3E6,,Pitfield Rd / McCowan Rd,
8108,581b1255-da3e-11f0-b51f-1214620ec1db,Agincourt Recreation Centre,VAULT,43.78809358412675,-79.2763071018949,0.0,Agincourt Recreation Centre,15,False,"['key', 'transitcard', 'phone']","['East', 'Scarborough North']",31 Glen Watford Dr,31 Glen Watford Dr,1000.0,True,{},M1S 2B7,,Glen Watford Dr / Rural Ave,
8109,581b14df-da3e-11f0-b51f-1214620ec1db,Brimley Rd / E Highland Creek Trail,VAULT,43.79692798263339,-79.27287064947943,0.0,Brimley Rd / E Highland Creek Trail,11,False,"['key', 'transitcard', 'phone']","['East', 'Scarborough North']",2284 Brimley Rd,2284 Brimley Rd,1000.0,True,{},M1S 2B6,,Brimley Rd / E Highland Creek Trail,
8110,581b1760-da3e-11f0-b51f-1214620ec1db,Midland Ave / Finch Recreational Trail,VAULT,43.812642480301804,-79.29119588067526,0.0,Midland Ave / Finch Recreational Trail,15,False,"['key', 'transitcard', 'phone']","['East', 'Scarborough North']",3691 Midland Ave ,3691 Midland Ave ,1000.0,True,{},M1V 2G8,,Midland Ave / Finch Recreational Trail,
8111,581b1a43-da3e-11f0-b51f-1214620ec1db,Brimwood Blvd / North Scarborough Green Loop,VAULT,43.81173535662744,-79.27828762810728,0.0,Brimwood Blvd / North Scarborough Green Loop,11,False,"['key', 'transitcard', 'phone']","['East', 'Scarborough North']",20 Brimwood Blvd ,20 Brimwood Blvd ,2000.0,True,{},M1V 1B7,,Brimwood Blvd / North Scarborough Green Loop,
8112,581b29e5-da3e-11f0-b51f-1214620ec1db,Bernadine St / Brimley Rd,VAULT,43.76852698845291,-79.26050105123433,0.0,Bernadine St / Brimley Rd,11,False,"['key', 'transitcard', 'phone']","['East', 'Scarborough - Rouge Hill']",20 Bernadine St,20 Bernadine St,1500.0,True,{},M1P 4M2,,Bernadine St / Brimley Rd,
8113,581b2d3a-da3e-11f0-b51f-1214620ec1db,Leslie Lookout Park,VAULT,43.65392406360629,-79.32435874788511,0.0,Leslie Lookout Park,23,False,"['key', 'transitcard', 'phone']","['South', 'Watefront']",12 Leslie St,12 Leslie St,1000.0,True,{},M4M 3H7,,Leslie St / Unwin Ave,
8114,581b3637-da3e-11f0-b51f-1214620ec1db,Dulverton Rd / Birchmount Rd,VAULT,43.748506992042074,-79.28465703552484,0.0,Dulverton Rd / Birchmount Rd,11,False,"['key', 'transitcard', 'phone']","['East', 'Scarborough - Rouge Hill', 'Wexford / Marydale']",5 Dulverton Rd,5 Dulverton Rd,1000.0,True,{},M1P 1G4,,Dulverton Rd / Birchmount Rd,
8115,581b3916-da3e-11f0-b51f-1214620ec1db,Lawrence Ave E / Burnview Cres,VAULT,43.75649500418185,-79.2404361110925,0.0,Lawrence Ave E / Burnview Cres,11,False,"['key', 'transitcard', 'phone']","['East', 'Scarborough - Rouge Hill', 'Bendale']",3225 Lawrence Ave E,3225 Lawrence Ave E,1000.0,True,{},M1H 3C2,,Lawrence Ave E / Burnview Cres,
8117,581b3eb8-da3e-11f0-b51f-1214620ec1db,Valparaiso Ave / Lawrence Ave E,VAULT,43.75496828707341,-79.24674141852182,0.0,Valparaiso Ave / Lawrence Ave E,15,False,"['key', 'transitcard', 'phone']","['East', 'Scarborough - Rouge Hill', 'Bendale']",3015 Lawrence Ave E,3015 Lawrence Ave E,1000.0,True,{},M1P 2V7,,Valparaiso Ave / Lawrence Ave E,
8119,581b441b-da3e-11f0-b51f-1214620ec1db,Thistletown Community Centre,VAULT,43.73532955204532,-79.56176488600637,0.0,Thistletown Community Centre,11,False,"['key', 'transitcard', 'phone']","['West', 'North York - York U']",925 Albion Rd,925 Albion Rd,1000.0,True,{},M9V 1A6,,Albion Rd / Thistle Down Blvd,
8120,581b4684-da3e-11f0-b51f-1214620ec1db,Albion Rd / Kipling Ave (Albion Arena),VAULT,43.73988873921296,-79.58264019846865,0.0,Albion Rd / Kipling Ave (Albion Arena),11,False,"['key', 'transitcard', 'phone']","['West', 'North York - York U']",1501 Albion Rd,1501 Albion Rd,1000.0,True,{},M9V 1B2,,Albion Rd / Kipling Ave,
8122,581b4c25-da3e-11f0-b51f-1214620ec1db, Silverstone Dr / Stevenson Rd ,VAULT,43.74471689392311,-79.58816609716355,0.0, Silverstone Dr / Stevenson Rd ,15,False,"['key', 'transitcard', 'phone']","['West', 'North York - York U']",68 Stevenson Rd,68 Stevenson Rd,1000.0,True,{},M9C 2Y2,, Silverstone Dr / Stevenson Rd,
8123,581b4f6a-da3e-11f0-b51f-1214620ec1db,Martin Grove Rd / Lexington Ave,VAULT,43.74448185287679,-79.59565568532118,0.0,Martin Grove Rd / Lexington Ave,11,False,"['key', 'transitcard', 'phone']","['North', 'North York - York U']",2068 Martin Grove Rd,2068 Martin Grove Rd,500.0,True,{},M9V 3T1,,Martin Grove Rd / Lexington Ave,
8125,581b5675-da3e-11f0-b51f-1214620ec1db,John Garland Blvd / Jamestown Cres,VAULT,43.7323610923901,-79.5866111181751,0.0,John Garland Blvd / Jamestown Cres,15,False,"['key', 'transitcard', 'phone']","['West', 'North York - York U']",1675 Martin Grove Rd,1675 Martin Grove Rd,1000.0,True,{},M9V 3S3,,John Garland Blvd / Jamestown Cres,
8128,581b5fe2-da3e-11f0-b51f-1214620ec1db,Queen’s Plate Dr / Rexdale Blvd,VAULT,43.719562027836545,-79.60346425086402,0.0,Queen’s Plate Dr / Rexdale Blvd,11,False,"['key', 'transitcard', 'phone']","['West', 'North York - York U']",920 Queen's Plate Dr,920 Queen's Plate Dr,1000.0,True,{},M9W 7J9,,Queen’s Plate Dr / Rexdale Blvd,
8129,581b6519-da3e-11f0-b51f-1214620ec1db,Don Mills Rd / Barber Greene Rd,VAULT,43.72728197307125,-79.34098463425687,0.0,Don Mills Rd / Barber Greene Rd,11,False,"['key', 'transitcard', 'phone']","['North', 'North York - Willowdale']",900 Don Mills Rd,900 Don Mills Rd,1000.0,True,{},M3C 1V6,,Don Mills Rd / Barber Greene Rd,
8130,581b6887-da3e-11f0-b51f-1214620ec1db,Gateway Blvd (South) / Don Mills Rd,VAULT,43.70998509187834,-79.33389898527636,0.0,Gateway Blvd (South) / Don Mills Rd,11,False,"['key', 'transitcard', 'phone']","['North', 'North York - Willowdale']",707 Don Mills Rd,707 Don Mills Rd,1000.0,True,{},M3C 1T1,,Gateway Blvd (South) / Don Mills Rd,
8131,581b6b78-da3e-11f0-b51f-1214620ec1db,Rochefort Dr / Don Mills Rd,VAULT,43.71800535395266,-79.33740368053896,0.0,Rochefort Dr / Don Mills Rd,11,False,"['key', 'transitcard', 'phone']","['North', 'North York - Willowdale']",7 Rochefort Dr,7 Rochefort Dr,1000.0,True,{},M3C 1H4,,Rochefort Dr / Don Mills Rd,
8133,581b70d2-da3e-11f0-b51f-1214620ec1db,Aga Khan Museum and Park (Wynford Dr),VAULT,43.72571668907797,-79.33296483679571,0.0,Aga Khan Museum and Park (Wynford Dr),15,False,"['key', 'transitcard', 'phone']","['North', 'Thorncliffe Park - Sunnybrook']",77 Wynford Dr,77 Wynford Dr,1000.0,True,{},M3C 1K1,,Sakura Way / Aga Khan Museum Driveway,
8134,581b736c-da3e-11f0-b51f-1214620ec1db,Eglinton Ave E / Sloane Ave,VAULT,43.72617147922369,-79.31308996409402,0.0,Eglinton Ave E / Sloane Ave,11,False,"['key', 'transitcard', 'phone']","['North', 'Scarborough - St. Clair']",1700 Eglinton Ave E,1700 Eglinton Ave E,1000.0,True,{},M4A 2X4,,Eglinton Ave E / Sloane Ave,
8137,581b7c4e-da3e-11f0-b51f-1214620ec1db,95 Beecroft Rd,ELECTRICBIKESTATION,43.76384867039627,-79.41393612096745,0.0,95 Beecroft Rd,31,True,"['key', 'transitcard', 'creditcard', 'phone']","['E-Charging ', 'North', 'North York - Willowdale']",95 Beecroft Rd - CP404,95 Beecroft Rd - CP404,1000.0,True,{},M2N 6N6,,,
8138,581b7f13-da3e-11f0-b51f-1214620ec1db,Scarborough Town Centre,VAULT,43.773745972544056,-79.25521611970132,0.0,Scarborough Town Centre,23,False,"['key', 'transitcard', 'phone']","['East', 'Scarborough - Rouge Hill', 'Bendale']",70 Town Centre Court,70 Town Centre Court,1000.0,True,{},M1P 0B2,,Town Centre Court / Borough Dr,
8139,581b81cd-da3e-11f0-b51f-1214620ec1db,Knob Hill Park,VAULT,43.7439055200841,-79.25119821735181,0.0,Knob Hill Park,11,False,"['key', 'transitcard', 'phone']","['East', 'Scarborough - Rouge Hill', 'Bendale']",66 Gully Dr,66 Gully Dr,1000.0,True,{},M1K 4W4,,Brimley Rd / Gully Dr,
8141,581b87b2-da3e-11f0-b51f-1214620ec1db,Brimley Rd / Brimorton Dr,VAULT,43.76552300893413,-79.25948526995919,0.0,Brimley Rd / Brimorton Dr,11,False,"['key', 'transitcard', 'phone']","['East', 'Scarborough - Rouge Hill', 'Bendale']",1171 Brimley Rd,1171 Brimley Rd,1000.0,True,{},M1P 3G5,,Brimley Rd / Brimorton Dr,
8142,581b8a98-da3e-11f0-b51f-1214620ec1db,Kitchener Rd / Kingston Rd,VAULT,43.76675330423266,-79.18970074932972,0.0,Kitchener Rd / Kingston Rd,11,False,"['key', 'transitcard', 'phone']","['East', 'Scarborough - Rouge Hill']",4411 Kingston Rd,4411 Kingston Rd,1000.0,True,{},M1E 2N3,,Kitchener Rd / Kingston Rd,
8144,581b8ff8-da3e-11f0-b51f-1214620ec1db,James Gardens,VAULT,43.670884247284015,-79.51381165484777,0.0,James Gardens,11,False,"['key', 'transitcard', 'phone']","['West', 'Eglinton Ave W']",99 Edenbridge Dr,99 Edenbridge Dr,1000.0,True,{},M9A 3G4,,,
8147,581b99ab-da3e-11f0-b51f-1214620ec1db,Widmer St / Adelaide St W (South),,43.64729988133681,-79.39131309705574,0.0,Widmer St / Adelaide St W (South),8,False,,"['Fort York - Entertainment District', 'Pillar']",Widmer St / Adelaide St W,Widmer St / Adelaide St W,20.0,True,{},M5V 2E8,,Widmer St / Adelaide St W,
8148,581b9c51-da3e-11f0-b51f-1214620ec1db,Simcoe St / Wellington St W (North) 2,,43.64624614286341,-79.38548851901436,0.0,Simcoe St / Wellington St W ,4,False,,"['South', 'Financial District', 'Pillar']",Simcoe St / Wellington St W,Simcoe St / Wellington St W,10.0,True,{},M5J 0C2,,Simcoe St / Wellington St W,
8149,581b9ef6-da3e-11f0-b51f-1214620ec1db,Danforth Rd / St Clair Ave E,REGULAR,43.717162385558574,-79.25956718831114,0.0,Danforth Ave / St Clair Ave E,11,False,"['key', 'transitcard', 'creditcard', 'phone']","['East', 'Scarborough - St. Clair']",3566 St Clair Ave E,3566 St Clair Ave E,1000.0,True,{},M1K 1M2,,Danforth Ave / St Clair Ave E,
8150,581ba182-da3e-11f0-b51f-1214620ec1db,Birchmount Rd / Eglinton Ave E,VAULT,43.72932260399524,-79.27798753256445,0.0,Birchmount Rd / Eglinton Ave E,11,False,"['key', 'transitcard', 'phone']","['East', 'Scarborough - St. Clair']",2201 Eglinton Ave E,2201 Eglinton Ave E,1000.0,True,{},M1L 4S2,,Birchmount Rd / Eglinton Ave E,
8151,581ba40e-da3e-11f0-b51f-1214620ec1db,Corvette Ave / Kennedy Rd,VAULT,43.725446237972726,-79.26476852179107,0.0,Corvette Ave / Kennedy Rd,11,False,"['key', 'transitcard', 'phone']","['East', 'Scarborough - St. Clair']",661 Kennedy Rd,661 Kennedy Rd,1000.0,True,{},M1K 2B8,,Corvette Ave / Kennedy Rd,
8152,581ba69c-da3e-11f0-b51f-1214620ec1db,Surrey Pl / Dr. Emily Stowe Way - SMART,SMARTMAPFRAME,43.661042840168236,-79.38796630132087,0.0,Surrey Pl / Dr. Emily Stowe Way,16,False,"['key', 'transitcard', 'phone']","['South', 'U of T - Hospital Row']",647-535-8461,647-535-8461,500.0,True,{},,,Surrey Pl / Dr. Emily Stowe Way,
8153,581ba93a-da3e-11f0-b51f-1214620ec1db,Neilson Rd / Ellesmere Rd,VAULT,43.78234921092259,-79.2047336995471,0.0,25 Neilson Rd,19,False,"['key', 'transitcard', 'phone']",['Scarborough - Rouge Hill'],25 Neilson Rd,25 Neilson Rd,0.0,True,{},,,,
8154,581babdb-da3e-11f0-b51f-1214620ec1db,Mornelle Ct / Ellesmere Rd,VAULT,43.78528,-79.195423,0.0,3070 Ellesmere Rd,11,False,"['key', 'transitcard', 'phone']",['Scarborough - Rouge Hill'],3070 Ellesmere Rd,3070 Ellesmere Rd,0.0,True,{},,,,
8155,581bae94-da3e-11f0-b51f-1214620ec1db,Ellesmere Rd / Scarborough Golf Club Rd ,VAULT,43.77881462058817,-79.22174099253999,0.0,Ellesmere Rd / Scarborough Golf Club Rd ,15,False,"['key', 'transitcard', 'phone']","['East', 'Scarborough - Rouge Hill']",29 Portico Dr,29 Portico Dr,1000.0,True,{},M1G 3R5,,Ellesmere Rd / Scarborough Golf Club Rd ,
8156,581bb198-da3e-11f0-b51f-1214620ec1db,Scarborough Golf Club Rd / Lawrence Ave E ,VAULT,43.76118061398553,-79.21603818763963,0.0,Scarborough Golf Club Rd / Lawrence Ave E ,11,False,"['key', 'transitcard', 'phone']","['East', 'Scarborough - Rouge Hill']",550 Scarborough Golf Club Rd,550 Scarborough Golf Club Rd,1000.0,True,{},M1G 1H6,,Scarborough Golf Club Rd / Lawrence Ave E,
8157,581bb895-da3e-11f0-b51f-1214620ec1db,Confederation Dr / Greencrest Cr,VAULT,43.75779584940286,-79.22294337682595,0.0,Confederation Dr / Greencrest Cr,15,False,"['key', 'transitcard', 'phone']","['East', 'Scarborough - Rouge Hill']",545 Markham Rd,545 Markham Rd,1000.0,True,{},M1H 2A1,,Confederation Dr / Greencrest Cr,
8158,581bbb68-da3e-11f0-b51f-1214620ec1db,Livonia Pl / Neilson Rd,VAULT,43.785550120556366,-79.20591707832195,0.0,Livonia Pl / Neilson Rd,11,False,"['key', 'transitcard', 'phone']","['East', 'Scarborough - Rouge Hill']",11 Livonia Pl,11 Livonia Pl,1000.0,True,{},M1E,,Livonia Pl / Neilson Rd,
8159,581bbe59-da3e-11f0-b51f-1214620ec1db,Lawrence Ave E / Orton Park Rd,VAULT,43.76383904974962,-79.20559912616176,0.0,Lawrence Ave E / Orton Park Rd,15,False,"['key', 'transitcard', 'phone']","['East', 'Scarborough - Rouge Hill']",3939 Lawrence Ave E,3939 Lawrence Ave E,1000.0,True,{},M1G 1R9,,Lawrence Ave E / Orton Park Rd,
8160,581bc10e-da3e-11f0-b51f-1214620ec1db,Lawrence Ave E / Mossbank Dr,VAULT,43.76270616161094,-79.2109974581985,0.0,Lawrence Ave E / Mossbank Dr,15,False,"['key', 'transitcard', 'phone']","['East', 'Scarborough - Rouge Hill']",3847 Lawrence Ave E,3847 Lawrence Ave E,1000.0,True,{},M1G 1R6,,Lawrence Ave E / Mossbank Dr,
8161,581bc3ec-da3e-11f0-b51f-1214620ec1db,Victoria Park Ave / The Meadoway,VAULT,43.729021982297084,-79.30424284705222,0.0,Victoria Park Ave / The Meadoway,15,False,"['key', 'transitcard', 'phone']","['East', 'Scarborough - St. Clair']",1589 Victoria Park Ave,1589 Victoria Park Ave,1000.0,True,{},M1R 1P1,,Victoria Park Ave / The Meadoway,
8162,581bc6b1-da3e-11f0-b51f-1214620ec1db,Dan Leckie Way / Fort York Blvd,REGULAR,43.63920233699084,-79.39776922113043,0.0,Dan Leckie Way / Fort York Blvd,27,False,"['key', 'transitcard', 'creditcard', 'phone']","['South', 'Fort York - Entertainment District']",95 Fort York Blvd,95 Fort York Blvd,200.0,True,{},M5V 3Y2,,Dan Leckie Way / Fort York Blvd,
8163,581bc951-da3e-11f0-b51f-1214620ec1db,Strachan Ave / Ordnance St,REGULAR,43.63917310056043,-79.4105682457256,0.0,Strachan Ave / Ordnance St,23,False,"['key', 'transitcard', 'creditcard', 'phone']","['South', 'Liberty Village - Queen West']",37 Strachan Ave,37 Strachan Ave,150.0,True,{},M6K 0E9,,Strachan Ave / Ordnance St,
8164,581bcc10-da3e-11f0-b51f-1214620ec1db,Keelegate Dr / Keele St,VAULT,43.73310385263487,-79.48330471638467,0.0,Keelegate Dr / Keele St,19,False,"['key', 'transitcard', 'phone']","['North', 'North York - York U', 'North York - Willowdale']",2875 Keele St,2875 Keele St,1000.0,True,{},M3M 2G7,,Keelegate Dr / Keele St,
8165,581bcec9-da3e-11f0-b51f-1214620ec1db,Ranee Ave / Flemington Rd (North),VAULT,43.72349197485778,-79.44824247361579,0.0,Ranee Ave / Flemington Rd (North),11,False,"['key', 'transitcard', 'phone']",['North York - York U'],256 Ranee Ave ,256 Ranee Ave ,1000.0,True,{},M6A 1N6,,Ranee Ave / Flemington Rd (North),
8166,581bd178-da3e-11f0-b51f-1214620ec1db,Lawrence East Station,VAULT,43.74966205290483,-79.27192193930078,0.0,Lawrence East Station,11,False,"['key', 'transitcard', 'phone']","['East', 'Scarborough - Rouge Hill', 'Wexford / Marydale', 'Bendale']",134 Mike Myers Dr,134 Mike Myers Dr,1000.0,True,{},M1P 5G5,,Lawrence Ave E / Kennedy Rd,
8167,581bd71d-da3e-11f0-b51f-1214620ec1db,Woburn Ave / Avenue Rd,VAULT,43.72545280998933,-79.41648817539286,0.0,Woburn Ave / Avenue Rd,15,False,"['key', 'transitcard', 'phone']","['Thorncliffe Park - Sunnybrook', 'North York - Willowdale']",1623 Avenue Rd,1623 Avenue Rd,1000.0,True,{},M5M 3X8,,Woburn Ave / Avenue Rd,
8168,581bd9f6-da3e-11f0-b51f-1214620ec1db,Portland St / Front St W,VAULT,43.641634085638955,-79.3987894305286,0.0,Portland St / Front St W,11,False,"['key', 'transitcard', 'phone']","['South', 'Fort York - Entertainment District']",530 Front St W,530 Front St W,500.0,True,{},M5V 1B8,,Portland St / Front St W,
8169,581bdcb7-da3e-11f0-b51f-1214620ec1db,William Cragg Dr / Jane St,VAULT,43.72254631047244,-79.50861414468879,0.0,William Cragg Dr / Jane St,15,False,"['key', 'transitcard', 'phone']","['North', 'North York - York U', 'North York - Willowdale']",2205 Jane St ,2205 Jane St ,500.0,True,{},M3M 1A5,,William Cragg Dr / Jane St,
8170,581bdf69-da3e-11f0-b51f-1214620ec1db,Munition St / Commissioners St,VAULT,43.64652927223706,-79.35032977085585,0.0,Munition St / Commissioners St,15,False,"['key', 'transitcard', 'phone']","['South', 'Watefront']",30 Munition St ,30 Munition St ,1000.0,True,{},M5A 3S1,,Munition St / Commissioners St,
8171,581be20f-da3e-11f0-b51f-1214620ec1db, Grafton Ave / Roncesvalles Ave,VAULT,43.639598669893616,-79.44621279276677,0.0, Grafton Ave / Roncesvalles,23,False,"['key', 'transitcard', 'phone']","['West', 'Liberty Village - Queen West']",27 Roncesvalles Ave,27 Roncesvalles Ave,1000.0,True,{},M6R 3B2,, Grafton Ave / Roncesvalles,
8172,581be4ba-da3e-11f0-b51f-1214620ec1db,Silverthorn Ave / Pryor Ave,VAULT,43.67485699930531,-79.46019152027287,0.0,Silverthorn Ave / Pryor Ave,23,False,"['key', 'transitcard', 'phone']","['North', 'St Clair Ave W']",27 Silverthorn Ave,27 Silverthorn Ave,1000.0,True,{},M6N 3J6,,Silverthorn Ave / Pryor Ave,
8173,581be766-da3e-11f0-b51f-1214620ec1db,St. Clair Ave W / Poplar Plains Rd,VAULT,43.68600191952118,-79.40395327728031,0.0,St. Clair Ave W / Poplar Plains Rd,11,False,"['key', 'transitcard', 'phone']","['North', 'St Clair Ave W']",223 St Clair Ave W,223 St Clair Ave W,1000.0,True,{},M4V 0A5,,St. Clair Ave W / Poplar Plains Rd,
8174,581bea10-da3e-11f0-b51f-1214620ec1db,Wellington St E / Church St,VAULT,43.64864454643048,-79.37419421546784,0.0,Wellington St E / Church St,19,False,"['key', 'transitcard', 'phone']","['South', 'Financial District']",44 Wellington St E,44 Wellington St E,500.0,True,{},M5E 1C7,,Wellington St E / Church St,
8175,581becc4-da3e-11f0-b51f-1214620ec1db,Simcoe St / Wellington St W (North) 3,VAULT,43.646226683295296,-79.38553477700628,0.0,Simcoe St / Wellington St W (North / 3),23,False,"['key', 'transitcard', 'phone']","['South', 'Financial District']",56 Simcoe St,56 Simcoe St,5.0,True,{},M5J 0C2,,Simcoe St / Wellington St W ,
8176,581bf232-da3e-11f0-b51f-1214620ec1db,9 Willingdon Blvd,ELECTRICBIKESTATION,43.64834720075349,-79.51003768899298,0.0,9 Willingdon Blvd,39,True,"['key', 'transitcard', 'creditcard', 'phone']","['E-Charging ', 'West', 'Bloor St W / Annex']",9 Willingdon Blvd,9 Willingdon Blvd,1000.0,True,{},M8X 2H1,,Willingdon Blvd / Bloor St W,
8177,581bf50d-da3e-11f0-b51f-1214620ec1db,Linkwood Ln / Spanbridge Rd,VAULT,43.7125731080812,-79.32449549150107,0.0,Linkwood Ln / Spanbridge Rd,11,False,"['key', 'transitcard', 'phone']","['North', 'Thorncliffe Park - Sunnybrook']",981 Linkwood Ln,981 Linkwood Ln,1000.0,True,{},M3C,,Linkwood Ln / Spanbridge Rd,
8178,581bf7c3-da3e-11f0-b51f-1214620ec1db,Agincourt GO Station,VAULT,43.78605668943663,-79.28503072723657,0.0,Agincourt GO Station,23,False,"['key', 'transitcard', 'phone']","['East', 'Scarborough North']",29 Reidmount Ave,29 Reidmount Ave,1000.0,True,{},M1S 1B5,,,
8179,581bfa5a-da3e-11f0-b51f-1214620ec1db,McCowan Rd / Brimorton Dr,VAULT,43.765737540515055,-79.24922926555814,0.0,McCowan Rd / Brimorton Dr,11,False,"['key', 'transitcard', 'phone']","['East', 'Scarborough - Rouge Hill']",151 Brimorton Dr,151 Brimorton Dr,1000.0,True,{},M1H 2C2,,McCowan Rd / Brimorton Dr,
8180,581bfcc4-da3e-11f0-b51f-1214620ec1db,Osler Playground (Argyle St),VAULT,43.64640117586531,-79.42195180747304,0.0,Osler Playground (Argyle St),15,False,"['key', 'transitcard', 'phone']","['West', 'Liberty Village - Queen West']",123 Argyle St,123 Argyle St,1000.0,True,{},M6J 1N7,,,
8181,581c010d-da3e-11f0-b51f-1214620ec1db,Cherry St / Commissioners St,VAULT,43.64483932280588,-79.35330371862767,0.0,Cherry St / Commissioners St,31,False,"['key', 'transitcard', 'phone']","['South', 'Watefront']",Commissioners St - Ward 14,Commissioners St - Ward 14,400.0,True,{},M5A 3L3,,Cherry St / Commissioners St,
8182,581c03df-da3e-11f0-b51f-1214620ec1db,Biidaasige Park (11 Munition St),VAULT,43.64621864215001,-79.3500485188435,0.0,Biidaasige Park (11 Munition St),23,False,"['key', 'transitcard', 'phone']","['South', 'Watefront']",11 Munition St,11 Munition St,400.0,True,{},M5A 1A8,,,
8183,581c0666-da3e-11f0-b51f-1214620ec1db,Dufferin St / King St W ,VAULT,43.6391706,-79.4272676,0.0,Dufferin St / King St W ,23,False,"['key', 'transitcard', 'phone']","['West', 'Liberty Village - Queen West']",283 Dufferin St ,283 Dufferin St ,1000.0,True,{},M6K 1Z7,,Dufferin St / King St W ,
8184,581c0c1d-da3e-11f0-b51f-1214620ec1db,Antibes Dr / Bathurst St,VAULT,43.78133435761008,-79.44592470500392,0.0,Antibes Dr / Bathurst St,15,False,"['key', 'transitcard', 'phone']","['North', 'North York - York U', 'North York - Willowdale']",145 Antibes Dr,145 Antibes Dr,1000.0,True,{},M2R,,Antibes Dr / Bathurst St,
8185,581c0ef9-da3e-11f0-b51f-1214620ec1db,Laird Crosstown Station,VAULT,43.71362626097812,-79.36373329276721,0.0,Laird Crosstown Station,11,False,"['key', 'transitcard', 'phone']","['North', 'Thorncliffe Park - Sunnybrook']",827 Eglinton Ave E,827 Eglinton Ave E,1000.0,True,{},M4P 1A6,,Eglinton Ave E / Laird Dr,
8187,581c1550-da3e-11f0-b51f-1214620ec1db,Glen Rd / Bloor St,ELECTRICBIKESTATION,43.67208795610631,-79.37490138634823,0.0,Glen Rd / Bloor St,15,True,"['key', 'transitcard', 'creditcard', 'phone']","['E-Charging ', 'North']",26 Glen Rd,26 Glen Rd,1000.0,True,{},M4X 1M5,,Glen Rd / Bloor St,
8188,581c1820-da3e-11f0-b51f-1214620ec1db,16 John St,ELECTRICBIKESTATION,43.70133600868564,-79.51748388371117,0.0,16 John St,23,True,"['key', 'transitcard', 'creditcard', 'phone']","['E-Charging ', 'North', 'Eglinton Ave W']",16 John St,16 John St,1000.0,True,{},M9N 0B2,,John St / Weston Rd,
8189,581c1ae2-da3e-11f0-b51f-1214620ec1db,25 St. Mary St ,VAULT,43.66756931923832,-79.38749409709389,0.0,25 St. Mary St ,15,False,"['key', 'transitcard', 'phone']","['South', 'Church Wellesley / Yorkville']",25 St. Mary St ,25 St. Mary St ,500.0,True,{},M4Y 1R2,,St. Mary St / Bay St,
8190,581c1d9a-da3e-11f0-b51f-1214620ec1db,1651 Queen St E,VAULT,43.66669198937586,-79.31437376868756,0.0,1651 Queen St E,27,False,"['key', 'transitcard', 'phone']","['South', 'Leslieville - Woodbine']",1651 Queen St E,1651 Queen St E,500.0,True,{},M4L 1G5,False,Queen St E / Eastern Ave,
8191,d5dcfc3f-b73a-459a-b7f1-6a07fd107e4e,1141 Eastern Ave,ELECTRICBIKESTATION,43.665673582957965,-79.31439299262264,0.0,1141 Eastern Ave,23,True,"['key', 'transitcard', 'creditcard', 'phone']","['E-Charging ', 'South']",4165683876,4165683876,250.0,True,{},M4L 1G5,,,
8193,7258b320-6a84-42a8-b26b-567258fb8d10,7 Norton Ave,ELECTRICBIKESTATION,43.678447025558754,-79.4435206024222,0.0,7 Norton Ave,27,True,"['key', 'transitcard', 'creditcard', 'phone']","['E-Charging ', 'North']",416-618-3195,416-618-3195,1000.0,True,{},M6E 1E1,,,
8194,65d4526a-c725-4e7c-83a2-3ca9b1c8ce2a,125 Burnaby Blvd,ELECTRICBIKESTATION,43.7044000151485,-79.4121238869451,0.0,125 Burnaby Blvd,23,True,"['key', 'transitcard', 'creditcard', 'phone']","['E-Charging ', 'North']",416-302-1402,416-302-1402,1000.0,True,{},M5N 1G5,,,
8196,3d8794b8-f7c5-47e8-b6d4-4f7c1398e6c8,737 Rhodes Ave,ELECTRICBIKESTATION,43.68278848714901,-79.32448180823623,0.0,737 Rhodes Ave,19,True,"['key', 'transitcard', 'creditcard', 'phone']","['E-Charging ', 'East']",,,1000.0,True,{},M4C 1H6,,,
8197,6ddc29cc-dae5-42ef-a328-ebb519280353,10 Kingsdale Ave,ELECTRICBIKESTATION,43.770480011641,-79.41237750881618,0.0,10 Kingsdale Ave,31,True,"['key', 'transitcard', 'creditcard', 'phone']","['E-Charging ', 'North']",,,1000.0,True,{},M2N 3W1,,,
8198,9d053f17-2a27-4c0f-8187-3c102eaf3abc,100 Grangeway Ave ,ELECTRICBIKESTATION,43.775225388885474,-79.24994292036793,0.0,100 Grangeway Ave ,39,True,"['key', 'transitcard', 'creditcard', 'phone']","['E-Charging ', 'Scarborough North']",416-294-7293,416-294-7293,250.0,True,{},M1H 0A2,,Bushby Dr / Grangeway Ave ,
8199,0535079a-58e2-48e8-be26-aa48041ce1a6,7 Bartlett Ave,ELECTRICBIKESTATION,43.660919101372016,-79.4329477668115,0.0,7 Bartlett Ave,23,True,"['key', 'transitcard', 'creditcard', 'phone']","['E-Charging ', 'West', 'North', 'Bloor St W / Annex']",416-319-8365,416-319-8365,1000.0,True,{},M6H 3E8,,,
8200,cce5e117-bbd2-4b87-9121-44379009e4d5,14 Fuller Ave,ELECTRICBIKESTATION,43.640651590737,-79.43948578399291,0.0,14 Fuller Ave,23,True,"['key', 'transitcard', 'creditcard', 'phone']","['E-Charging ', 'West']",416-703-3216,416-703-3216,1000.0,True,{},M6R 1B9,,,
8201,ee2c9874-54ea-42e3-9cac-476fbe28e8ee,Falmouth Ave / Eglinton Ave E,VAULT,43.735217,-79.252903,0.0,Falmouth Ave / Eglinton Ave E,11,False,"['key', 'transitcard', 'phone']","['East', 'Scarborough - Rouge Hill']",416-388-5640,416-388-5640,1000.0,True,{}, M1K 2S2,,Falmouth Ave / Eglinton Ave E,
8202,661fe6e5-71fe-4cd1-9419-04df9e068373,Corporate Dr / Lee Centre Dr,VAULT,43.781009,-79.245315,0.0,Corporate Dr / Lee Centre Dr,19,False,"['key', 'transitcard', 'phone']","['East', 'Scarborough - Rouge Hill']",416-303-1184,416-303-1184,1000.0,True,{},M1H 3J5,,Corporate Dr / Lee Centre Dr,
8203,82607ad2-f020-441b-a5ee-db5035742abd,Greenbrae Parkette,VAULT,43.760466,-79.22981,0.0,Greenbrae Parkette,11,False,"['key', 'transitcard', 'phone']","['East', 'Scarborough - Rouge Hill']",416-301-1473,416-301-1473,1000.0,True,{}, M1H 1R2,,Greenbrae Parkette (65 Greenbrae Crct),
8204,03e71d0a-a111-456a-8fcc-0cb29e6b9627,Cedarbrae Mall,VAULT,43.756854,-79.229425,0.0,Cedabrae Mall,11,False,"['key', 'transitcard', 'phone']",['East'],416-356-6727,416-356-6727,1000.0,True,{},M1H 1E4,,Greencedar Ct / Daphne Rd,
8205,d3603d9c-38fa-4a7f-a2eb-06eff022fc1c,Markham Rd / Blakemanor Blvd,VAULT,43.750777,-79.221929,0.0,Markham Rd / Blakemanor Blvd,15,False,"['key', 'transitcard', 'phone']","['East', 'Scarborough - Rouge Hill']",416-301-3614,416-301-3614,1000.0,True,{},M1J 3E2,,Markham Rd / Blakemanor Blvd,
8206,4b492170-9907-479e-a6c6-1e9849cbbc7d,Richmond St E / Yonge St (2),REGULAR,43.65185,-79.378675,0.0,Richmond St E / Yonge St ,17,False,"['key', 'transitcard', 'creditcard', 'phone']","['South', 'Financial District']",647-504-2375,647-504-2375,1000.0,True,{},M5C 1X7,,Richmond St E / Yonge St ,
8207,b5f797e5-58ca-4145-88b7-514a8d39a596,45 Trudelle St,VAULT,43.739541,-79.242943,0.0,45 Trudelle St,8,False,"['key', 'transitcard', 'phone']","['East', 'Scarborough - Rouge Hill']",416-471-7348,416-471-7348,1000.0,True,{},M1J 1Z4,,Trudelle St,
8208,ea362416-93e8-461a-83d8-3df185f5d7f4,Surrey Ave / Victoria Park Ave,VAULT,43.736392,-79.307179,0.0,Surrey Ave / Victoria Park Ave,11,False,"['key', 'transitcard', 'phone']",['East'],,,1000.0,True,{},M1R 1S1,,Surrey Ave / Victoria Park Ave,
8209,51b39530-b636-4145-94e8-6e92584297ce,Brimley Rd / Dorcot Ave,VAULT,43.759282,-79.257143,0.0,Brimley Rd / Dorcot Ave,14,False,"['key', 'transitcard', 'phone']",['East'],,,1000.0,True,{},M1P 4N2,,Brimley Rd / Dorcot Ave,
8210,898da6d3-3616-4ae3-a896-49e6f2af4341,Brimorton Dr / Orton Park Rd,VAULT,43.771483,-79.209087,0.0,Brimorton Dr / Orton Park Rd,11,False,"['key', 'transitcard', 'phone']","['East', 'Scarborough - Rouge Hill']",416-301-3180,416-301-3180,1000.0,True,{},M1G 2V0,,Brimorton Dr / Orton Park Rd,
8211,ebca1e37-02f3-4479-8b14-5be4be17aa66,Guildwood Pkwy / Kingston Rd,VAULT,43.749521,-79.205383,0.0,Guildwood Pkwy / Kingston Rd,11,False,"['key', 'transitcard', 'phone']","['East', 'Scarborough - Rouge Hill']",,,1000.0,True,{}, M1E 5B6,,Guildwood Pkwy / Kingston Rd,
8212,fa77d32e-5175-4216-a631-11d92d9199dd,9 Emerson Ave,ELECTRICBIKESTATION,43.659363,-79.440758,0.0,9 Emerson Ave,25,True,"['key', 'transitcard', 'creditcard', 'phone']","['E-Charging ', 'West']",,,1000.0,True,{},M6H 3S7,,,
8213,1d03642c-1cff-4011-92ba-6c8063822cbd,Yonge St / College St,VAULT,43.66086,-79.38298,0.0,Yonge St / College St,17,False,"['key', 'transitcard', 'phone']","['South', 'U of T - Hospital Row']",,,1000.0,True,{},M5B 2H4,,Yonge St / College St,
8214,5105c2da-a837-4368-b8a6-77dbd37a5bfd,Lansdowne Ave / Dupont St,VAULT,43.666364,-79.446404,0.0,Lansdowne Ave / Dupont St,11,False,"['key', 'transitcard', 'phone']","['West', 'Davenport - Dupont']",,,1000.0,True,{},M6H 2B1,,Lansdowne Ave / Dupont St,
8215,64200903-02a9-4c8c-9c68-c4b8c2984f6c,Dundas St W / McCaul St,VAULT,43.654501,-79.390868,0.0,Dundas St W / McCaul St,17,False,"['key', 'transitcard', 'phone']","['South', 'U of T - Hospital Row']",416-357-5163,416-357-5163,1000.0,True,{},M5T 1G2,,Dundas St W / McCaul St,
8216,58e99e75-d48d-4cfa-bbe3-8f1f04dfbd7c,Davenport Rd / Dovercourt Rd,VAULT,43.674139,-79.435611,0.0,Davenport Rd / Dovercourt Rd,14,False,"['key', 'transitcard', 'phone']","['West', 'Davenport - Dupont']",416-454-1570,416-454-1570,1000.0,True,{},M6H 2H1,,Davenport Rd / Dovercourt Rd,
8217,7026163a-fc47-4a62-a427-9f4b3b88222c,Lawrence Ave E / Don Mills Rd ,VAULT,43.736889,-79.344278,0.0,Lawrence Ave E / Don Mills Rd ,14,False,"['key', 'transitcard', 'phone']","['North', 'Thorncliffe Park - Sunnybrook']",416-457-6198,416-457-6198,1000.0,True,{},M3C 3R6,,Lawrence Ave E / Don Mills Rd ,
8218,bdff1d3e-8dd0-4660-98df-ac524c934230,Bessarion Rd / Sheppard Ave E,VAULT,43.76871888265407,-79.376777001695,0.0,Bessarion Rd / Sheppard Ave E,11,False,"['key', 'transitcard', 'phone']",['North'],416-357-5702,416-357-5702,500.0,True,{},M2K 2T5,,Bessarion Rd / Sheppard Ave E,
8219,588ccc35-384e-47ac-bca6-5e307cd5ac63,Kennedy Station,VAULT,43.73247551087058,-79.26598673158625,0.0,Kennedy Station,19,False,"['key', 'transitcard', 'phone']","['East', 'Danforth', 'Bendale']",,,500.0,True,{},M1K 0A5,,Kennedy Rd / Eglinton Ave E,
8220,2040a50e-9745-4f82-8c2a-4b40340f795b,Heron Park Community Centre,VAULT,43.768848570994756,-79.17571035393466,0.0,Heron Park Community Centre,11,False,"['key', 'transitcard', 'phone']",['East'],,,500.0,True,{},M1E 5A6,,Manse Rd / Hainford St,
8221,14357ab6-c19f-43b3-b838-310fd2347156,Ling Rd / Lawrence Ave E,VAULT,43.76891198976495,-79.18287811987008,0.0,Ling Rd / Lawrence Ave E,11,False,"['key', 'transitcard', 'phone']",['East'],,,500.0,True,{},M1E 4V9,,Ling Rd / Lawrence Ave E,
8224,63a3dfee-dcab-49a7-a388-ea2eecb5f61c,439 Wellington St W,VAULT,43.64346671199668,-79.39673989325408,0.0,439 Wellington St W,19,False,"['key', 'transitcard', 'phone']","['South', 'Fort York - Entertainment District']",,,500.0,True,{},M5V 1E7,,,
8225,57e264ff-4119-4bb5-9948-e3e7780fe08e,Ellesmere Rd / Highland Creek Trail,VAULT,43.780934365003716,-79.21293395482314,0.0,Ellesmere Rd / Highland Creek Trail,11,False,"['key', 'transitcard', 'phone']","['East', 'Scarborough North']",,,1000.0,True,{},M1E 4T1,,,
8226,8eb5187d-d935-40c0-83f4-43f3e930cd12,O'Connor Dr / Dohme Ave,VAULT,43.71035274393168,-79.30935797004291,0.0,O'Connor Dr / Dohme Ave,15,False,"['key', 'transitcard', 'phone']","['North', 'Scarborough - St. Clair']",,,1000.0,True,{},M4B 2T3,,O'Connor Dr / Dohme Ave,
8227,def14f46-e7fe-4e38-9867-653f7e2a197c,Keele St / Ewart Ave,VAULT,43.686644232677544,-79.47341272645575,0.0,Keele St / Ewart Ave,11,False,"['key', 'transitcard', 'phone']","['West', 'Eglinton Ave W']",1765 Keele St,1765 Keele St,1000.0,True,{},M6M 3W9,,,
8228,4db60c4a-6238-475c-8453-8f7c2c1d258b,Centre Island Beach,VAULT,43.61514239375064,-79.37632791355173,0.0,Centre Island Beach,39,False,"['key', 'transitcard', 'phone']",['Toronto Islands'],416-902-3760,416-902-3760,500.0,True,{},,False,Centre Island Beach,
8229,0e4f2934-3496-4d49-b626-ec5bd5d296c5,Hanlan's Point Beach (Entrance 5),VAULT,43.61569890857279,-79.38920546846151,0.0,Hanlan's Point Beach Trail,35,False,"['key', 'transitcard', 'phone']",['Toronto Islands'],,,500.0,True,{},,False,Hanlan's Point Beach Trail,
8230,ea82d560-27b5-4a61-8d54-e2fd0bf36335,Aitken Place Park,VAULT,43.64476743239936,-79.36228409257174,0.0,Aitken Place Park,39,False,"['key', 'transitcard', 'phone']",['South'],90 Merchant's Wharf,90 Merchant's Wharf,500.0,True,{},M5A 0L3,,,
8232,3407a6ba-fb82-4b24-849f-58edac1f3f90,Fort York Blvd/ Iannuzzi St,REGULAR,43.6382,-79.401824,0.0,Fort York Blvd/ Iannuzzi St,23,False,"['key', 'transitcard', 'creditcard', 'phone']","['West', 'Fort York - Entertainment District']",,,500.0,True,{}, M5V 0C7,,Fort York Blvd/ Iannuzzi St,
8233,225f8a4e-a2b6-4416-8ab1-edd2f4b5108d,St. Andrew Subway Station,REGULAR,43.647955,-79.385149,0.0,King St W / University Ave (2),7,False,"['key', 'transitcard', 'creditcard', 'phone']","['South', 'Financial District']",,,1000.0,True,{},M5H 4H2 ,True,King St W / University Ave,Employee assisted valet supporting Fan Fest and gameday events. Always find a spot to dock your bike!
8234,a2bd6838-f3b1-426e-93b0-9d0f9b0e1b11,Mount Dennis Station,VAULT,43.687908,-79.485265,0.0,Mount Dennis Station,19,False,"['key', 'transitcard', 'phone']","['West', 'Eglinton Ave W']",647-504-7836,647-504-7836,1000.0,True,{},M6N 4L2,,Eglinton Ave W / Keelesdale Rd,
8235,89be564b-20af-4a96-9d26-11fcfe56fda7,Dupont St / Ossington Ave,VAULT,43.670277,-79.428262,0.0,Dupont St / Ossington Ave,15,False,"['key', 'transitcard', 'phone']","['West', 'Davenport - Dupont']",647-504-7762,647-504-7762,1000.0,True,{},M6G 0B9,,Dupont St / Ossington Ave,
8236,7ee51476-402c-43fa-a7c5-882ddab93d62,Rolling Mill Rd / Front St E,VAULT,43.652882,-79.355632,0.0,Rolling Mill Rd / Front St E,15,False,"['key', 'transitcard', 'phone']","['East', 'Regent Park - Distillery']",647-504-7938,647-504-7938,1000.0,True,{},M54 0Z3,,Rolling Mills Rd / Front St E,
8237,2d5f3a68-2a19-4e49-b9c7-4ab30c3136e9,King St E / Victoria St (2),VAULT,43.64943,-79.3765,0.0,King St E / Victoria St (2),23,False,"['key', 'transitcard', 'phone']","['South', 'Financial District']",647-504-7953,647-504-7953,1000.0,True,{},M5C 1E5,,King St E / Victoria St,
8238,c8c78995-5e64-4cf7-825c-91679520ec68,Rosewell Ave / Cheritan Ave,VAULT,43.720249,-79.411029,0.0,Rosewell Ave / Cheritan Ave,15,False,"['key', 'transitcard', 'phone']","['North', 'North York - Willowdale']",,,1000.0,True,{},M4R 2B5,,Rosewell Ave / Cheritan Ave,
8239,ae478d12-13f7-4f82-bc86-282368f3d8fc,Playfair Ave / Dufferin St,VAULT,43.710831,-79.45427,0.0,Playfair Ave / Dufferin St,11,False,"['key', 'transitcard', 'phone']","['North', 'Eglinton Ave W']",647-504-7892,647-504-7892,500.0,True,{},M6B 3T6,,Playfair Ave / Dufferin St,
8240,b569decb-161a-4753-b1e6-38642dabbb38,Castlefield Ave / Roselawn Ave,VAULT,43.70044,-79.449651,0.0,Castlefield Ave / Roselawn Ave,15,False,"['key', 'transitcard', 'phone']","['North', 'Eglinton Ave W']",,,1000.0,True,{},M6B 1E6,,Castlefield Ave / Roselawn Ave,
8241,b81314c8-307b-473e-8047-f6f1d867b978,Kingsley Ave / Perth Ave,VAULT,43.668154,-79.453814,0.0,Kingsley Ave / Perth Ave,15,False,"['key', 'transitcard', 'phone']","['West', 'Davenport - Dupont']",,,1000.0,True,{}, M6N 2W7,,Kingsley Ave / Perth Ave ,
8242,0c15d1e2-afb5-482b-b3eb-e1402b93dbf3,Leslie St / Eglinton Ave E,VAULT,43.71746,-79.349925,0.0,Leslie St / Eglinton Ave E,19,False,"['key', 'transitcard', 'phone']","['North', 'Thorncliffe Park - Sunnybrook']",,,1000.0,True,{},M3C 1H8,,Leslie St / Eglinton Ave E,
